-- phpMyAdmin SQL Dump
-- version 4.9.0.1
-- https://www.phpmyadmin.net/
--
-- Host: localhost
-- Generation Time: Dec 26, 2019 at 09:55 AM
-- Server version: 10.3.15-MariaDB
-- PHP Version: 7.3.6

SET SQL_MODE = "NO_AUTO_VALUE_ON_ZERO";
SET AUTOCOMMIT = 0;
START TRANSACTION;
SET time_zone = "+00:00";


/*!40101 SET @OLD_CHARACTER_SET_CLIENT=@@CHARACTER_SET_CLIENT */;
/*!40101 SET @OLD_CHARACTER_SET_RESULTS=@@CHARACTER_SET_RESULTS */;
/*!40101 SET @OLD_COLLATION_CONNECTION=@@COLLATION_CONNECTION */;
/*!40101 SET NAMES utf8mb4 */;

--
-- Database: `bhandari_khata`
--

-- --------------------------------------------------------

--
-- Table structure for table `admin`
--

CREATE TABLE `admin` (
  `admin_id` int(11) NOT NULL,
  `admin_type` varchar(20) NOT NULL,
  `f_name` varchar(20) DEFAULT NULL,
  `l_name` varchar(20) DEFAULT NULL,
  `e_mail` varchar(200) DEFAULT NULL,
  `password` varchar(200) DEFAULT NULL,
  `phone` varchar(20) DEFAULT NULL,
  `admin_img` varchar(200) DEFAULT NULL,
  `name_of_organisation` varchar(200) DEFAULT NULL,
  `establish_year` date DEFAULT NULL,
  `intial_investment` int(20) DEFAULT NULL,
  `registration_no` varchar(20) DEFAULT NULL,
  `city` varchar(20) DEFAULT NULL,
  `address` varchar(200) DEFAULT NULL,
  `state` varchar(20) DEFAULT NULL,
  `postal_code` int(10) DEFAULT NULL,
  `status` int(11) DEFAULT NULL,
  `aadhar_no` text DEFAULT NULL,
  `created_date` date NOT NULL,
  `deleted_date` date NOT NULL
) ENGINE=InnoDB DEFAULT CHARSET=latin1;

--
-- Dumping data for table `admin`
--

INSERT INTO `admin` (`admin_id`, `admin_type`, `f_name`, `l_name`, `e_mail`, `password`, `phone`, `admin_img`, `name_of_organisation`, `establish_year`, `intial_investment`, `registration_no`, `city`, `address`, `state`, `postal_code`, `status`, `aadhar_no`, `created_date`, `deleted_date`) VALUES
(1, 'super_admin', 'Sudeep', 'Gandhi', 'superadmin@bhandarikhata.com', '$2y$10$rjb6pveFb7Yo13nDDZE2OOfE7VzAa8ecmskh9JeEJWRneAKGdir0S', '09767115577', 'DSC_0642_0.JPG', 'th', '0000-00-00', 53900, '54645', 'indore', 'KHOPOLI PEN ROAD NEAR HANUMAN, MANDIR APATI DONWAT, RAIGARH KHALAPUR', 'MAHARASHTRA', 458888, NULL, '2147483647', '2019-11-28', '0000-00-00'),
(6, 'admin', 'Ratnesh', 'Bhandari', 'ratneshbhandari@gmail.com', '$2y$10$ba0BPVBJg9GZoOZ8qy2W5ecJv2n2u0e5NGfoN.7L6lmR07jHbSIuG', '7828041195', '1_0.png', 'Bhandari Khata 01', '2019-12-17', 23352, '1223123423', 'agar malwa', '62 mahaveer marg', 'MP', 452001, NULL, '125478524195', '2019-12-19', '0000-00-00'),
(7, 'admin', 'Bhawesh', 'Bhandari', 'bhaweshbhandari@gmail.com', '$2y$10$rjb6pveFb7Yo13nDDZE2OOfE7VzAa8ecmskh9JeEJWRneAKGdir0S', '7828041195', NULL, 'Bhandari Khata 02', '2019-12-17', 10000, '', 'Agar Malwa', '62 mahaveer marg', 'MP', 452001, NULL, '789456123589', '2019-12-17', '0000-00-00'),
(8, 'admin', 'Divya', 'Gurjar', 'divya@gmail.com', '$2y$10$rjb6pveFb7Yo13nDDZE2OOfE7VzAa8ecmskh9JeEJWRneAKGdir0S', '2421221211', NULL, '', '0000-00-00', 100, '', 'Indore', 'Phoneix', 'MP', 353453, 0, '343434343434', '2019-12-23', '0000-00-00'),
(9, 'admin', 'Sudeep', 'jain', 'sudeep@gmail.com', '$2y$10$c8REb2zNOn2yc0tkSea6GOWKxdFH/Ekk13S0AmVF.yc968SRE7wXi', '2421221211', NULL, 'Codoxy', '0000-00-00', 10000, '', 'Indore', 'Vijay Nagar', 'MP', 3534523, 0, '122345232323', '2019-12-23', '0000-00-00');

-- --------------------------------------------------------

--
-- Table structure for table `bank_details`
--

CREATE TABLE `bank_details` (
  `bank_id` int(20) NOT NULL,
  `admin_id` int(20) NOT NULL,
  `account_no` text NOT NULL,
  `account_holder_name` varchar(200) NOT NULL,
  `bank_name` varchar(200) NOT NULL,
  `ifsc_code` varchar(20) NOT NULL,
  `type` varchar(20) NOT NULL,
  `status` int(11) NOT NULL,
  `created_date` date NOT NULL,
  `deleted_date` date DEFAULT NULL
) ENGINE=InnoDB DEFAULT CHARSET=latin1;

--
-- Dumping data for table `bank_details`
--

INSERT INTO `bank_details` (`bank_id`, `admin_id`, `account_no`, `account_holder_name`, `bank_name`, `ifsc_code`, `type`, `status`, `created_date`, `deleted_date`) VALUES
(1, 6, '2147483647890', 'Ratnesh Bhandari', 'BOI', 'BOI4525', 'saving', 0, '2019-12-18', '0000-00-00');

-- --------------------------------------------------------

--
-- Table structure for table `chart_info`
--

CREATE TABLE `chart_info` (
  `id` int(11) NOT NULL,
  `admin_id` int(11) NOT NULL,
  `created_date` date NOT NULL,
  `number_of_loan` int(11) DEFAULT NULL,
  `number_of_completed_loan` int(11) DEFAULT NULL,
  `initial_amount` int(11) DEFAULT NULL,
  `completed_amount` int(11) DEFAULT NULL
) ENGINE=InnoDB DEFAULT CHARSET=latin1;

--
-- Dumping data for table `chart_info`
--

INSERT INTO `chart_info` (`id`, `admin_id`, `created_date`, `number_of_loan`, `number_of_completed_loan`, `initial_amount`, `completed_amount`) VALUES
(1, 6, '2019-12-22', 1, 0, 1000, 0),
(2, 6, '2019-12-23', 1, 3, 1000, 4586),
(3, 6, '2019-12-21', 1, 0, 1000, 0),
(4, 6, '2019-12-20', 1, 0, 2500, 0);

-- --------------------------------------------------------

--
-- Table structure for table `customer`
--

CREATE TABLE `customer` (
  `customer_id` int(11) NOT NULL,
  `admin_id` int(11) NOT NULL,
  `f_name` text DEFAULT NULL,
  `l_name` text DEFAULT NULL,
  `p_name` text NOT NULL,
  `e_mail` varchar(255) DEFAULT NULL,
  `gender` text NOT NULL,
  `phone` varchar(255) DEFAULT NULL,
  `whatsapp` varchar(255) NOT NULL,
  `usr_img` longtext DEFAULT NULL,
  `description` longtext NOT NULL,
  `no_of_loan` int(11) NOT NULL,
  `total_loan` int(255) NOT NULL,
  `user_type` int(11) NOT NULL,
  `city` text DEFAULT NULL,
  `address` longtext DEFAULT NULL,
  `state` text DEFAULT NULL,
  `postal_code` int(255) DEFAULT NULL,
  `user_status` int(11) DEFAULT NULL,
  `aadhar_no` text DEFAULT NULL,
  `created_date` date NOT NULL,
  `deleted_date` date NOT NULL
) ENGINE=InnoDB DEFAULT CHARSET=latin1;

--
-- Dumping data for table `customer`
--

INSERT INTO `customer` (`customer_id`, `admin_id`, `f_name`, `l_name`, `p_name`, `e_mail`, `gender`, `phone`, `whatsapp`, `usr_img`, `description`, `no_of_loan`, `total_loan`, `user_type`, `city`, `address`, `state`, `postal_code`, `user_status`, `aadhar_no`, `created_date`, `deleted_date`) VALUES
(7, 6, 'Sudeep', 'Jain', 'Prakash jain', 'sudeepgandhi430@gmail.com', 'male', '7828041195', '7828041195', NULL, 'My nabour', 1, 958, 0, 'Agar Malwa', '62 mahaveer marg', 'Madhya Pradesh', 465441, 1, '785478547854', '2019-12-17', '0000-00-00'),
(8, 6, 'Divya', 'Gurjar', 'S.N Gurjar', 'divya.gurjar@codoxysolutions.com', 'Female', '90097655656', '', NULL, 'Software Developer', 0, 0, 0, 'Indore', 'Phoniex Town', 'MP', 452010, 1, '1234569875', '2019-12-19', '0000-00-00');

-- --------------------------------------------------------

--
-- Table structure for table `hindi_calendar`
--

CREATE TABLE `hindi_calendar` (
  `id` int(11) NOT NULL,
  `date` date NOT NULL,
  `tithi_name` text NOT NULL,
  `count` int(11) NOT NULL
) ENGINE=InnoDB DEFAULT CHARSET=utf8mb4;

--
-- Dumping data for table `hindi_calendar`
--

INSERT INTO `hindi_calendar` (`id`, `date`, `tithi_name`, `count`) VALUES
(18, '2019-01-01', 'Krishna Paksha Ekadashi', 1),
(19, '2019-01-02', 'Krishna Paksha Dwadashi', 1),
(20, '2019-01-03', 'Krishna Paksha Trayodashi', 1),
(21, '2019-01-04', 'Krishna Paksha Chaturdashi', 1),
(22, '2019-01-05', 'Amavasya', 1),
(23, '2019-01-06', 'Shukla Paksha Pratipada', 1),
(24, '2019-01-07', 'Shukla Paksha Pratipada', 1),
(25, '2019-01-08', 'Shukla Paksha Dwitiya', 1),
(26, '2019-01-09', 'Shukla Paksha Tritiya', 1),
(27, '2019-01-10', 'Shukla Paksha Chaturthi', 1),
(28, '2019-01-11', 'Shukla Paksha Panchami', 1),
(29, '2019-01-12', 'Shukla Paksha Shashti', 1),
(30, '2019-01-13', 'Shukla Paksha Saptami', 1),
(31, '2019-01-14', 'Shukla Paksha Ashtmi', 1),
(32, '2019-01-15', 'Shukla Paksha Navmi', 1),
(33, '2019-01-16', 'Shukla Paksha Dashmi', 1),
(34, '2019-01-17', 'Shukla Paksha Ekadashi', 1),
(35, '2019-01-18', 'Shukla Paksha Dwadashi', 1),
(36, '2019-01-19', 'Shukla Paksha Trayodashi', 1),
(37, '2019-01-20', 'Shukla Paksha Chaturdashi', 1),
(38, '2019-01-21', 'Purnima', 1),
(39, '2019-01-22', 'Krishna Paksha Pratipada / Dwitiya', 2),
(40, '2019-01-23', 'Krishna Paksha Tritiya', 1),
(41, '2019-01-24', 'Krishna Paksha Chaturthi', 1),
(42, '2019-01-25', 'Krishna Paksha Panchami', 1),
(43, '2019-01-26', 'Krishna Paksha Shashti', 1),
(44, '2019-01-27', 'Krishna Paksha Saptami', 1),
(45, '2019-01-28', 'Krishna Paksha Ashtmi', 1),
(46, '2019-01-29', 'Krishna Paksha Navmi', 1),
(47, '2019-01-30', 'Krishna Paksha Dashmi', 1),
(48, '2019-01-31', 'Krishna Paksha Ekadashi', 1),
(49, '2019-02-01', 'Krishna Paksha Dwadashi', 1),
(50, '2019-02-02', 'Krishna Paksha Trayodashi', 1),
(51, '2019-02-03', 'Krishna Paksha Chaturdashi', 1),
(52, '2019-02-04', 'Amavasya', 1),
(53, '2019-02-05', 'Shukla Paksha Pratipada', 1),
(54, '2019-02-06', 'Shukla Paksha Dwitiya', 1),
(55, '2019-02-07', 'Shukla Paksha Tritiya', 1),
(56, '2019-02-08', 'Shukla Paksha Tritiya', 1),
(57, '2019-02-09', 'Shukla Paksha Chaturthi', 1),
(58, '2019-02-10', 'Shukla Paksha Panchami', 1),
(59, '2019-02-11', 'Shukla Paksha Shashti', 1),
(60, '2019-02-12', 'Shukla Paksha Saptami', 1),
(61, '2019-02-13', 'Shukla Paksha Ashtmi', 1),
(62, '2019-02-14', 'Shukla Paksha Navmi', 1),
(63, '2019-02-15', 'Shukla Paksha Dashmi / Ekadashi', 2),
(64, '2019-02-16', 'Shukla Paksha Dwadashi', 1),
(65, '2019-02-17', 'Shukla Paksha Trayodashi', 1),
(66, '2019-02-18', 'Shukla Paksha Chaturdashi', 1),
(67, '2019-02-19', 'Purnima', 1),
(68, '2019-02-20', 'Krishna Paksha Pratipada', 1),
(69, '2019-02-21', 'Krishna Paksha Dwitiya', 1),
(70, '2019-02-22', 'Krishna Paksha Tritiya', 1),
(71, '2019-02-23', 'Krishna Paksha Chaturthi', 1),
(72, '2019-02-24', 'Krishna Paksha Panchami', 1),
(73, '2019-02-25', 'Krishna Paksha Shashti', 1),
(74, '2019-02-26', 'Krishna Paksha Saptami', 1),
(75, '2019-02-27', 'Krishna Paksha Ashtmi', 1),
(76, '2019-02-28', 'Krishna Paksha Navmi', 1),
(77, '2019-03-01', 'Krishna Paksha Dashmi', 1),
(78, '2019-03-02', 'Krishna Paksha Ekadashi', 1),
(79, '2019-03-03', 'Krishna Paksha Dwadashi', 1),
(80, '2019-03-04', 'Krishna Paksha Trayodashi', 1),
(81, '2019-03-05', 'Krishna Paksha Chaturdashi', 1),
(82, '2019-03-06', 'Amavasya', 1),
(83, '2019-03-07', 'Shukla Paksha Pratipada', 1),
(84, '2019-03-08', 'Shukla Paksha Dwitiya', 1),
(85, '2019-03-09', 'Shukla Paksha Tritiya', 1),
(86, '2019-03-10', 'Shukla Paksha Chaturthi', 1),
(87, '2019-03-11', 'Shukla Paksha Panchami', 1),
(88, '2019-03-12', 'Shukla Paksha Shashti', 1),
(89, '2019-03-13', 'Shukla Paksha Saptami', 1),
(90, '2019-03-14', 'Shukla Paksha Ashtmi', 1),
(91, '2019-03-15', 'Shukla Paksha Navmi', 1),
(92, '2019-03-16', 'Shukla Paksha Dashmi', 1),
(93, '2019-03-17', 'Shukla Paksha Ekadashi', 1),
(94, '2019-03-18', 'Shukla Paksha Dwadashi', 1),
(95, '2019-03-19', 'Shukla Paksha Trayodashi', 1),
(96, '2019-03-20', 'Shukla Paksha Chaturdashi', 1),
(97, '2019-03-21', 'Purnima / krishna paksha Pratipada', 2),
(98, '2019-03-22', 'Krishna Paksha Dwitiya', 1),
(99, '2019-03-23', 'Krishna Paksha Tritiya', 1),
(100, '2019-03-24', 'Krishna Paksha Chaturthi', 1),
(101, '2019-03-25', 'Krishna Paksha Panchami', 1),
(102, '2019-03-26', 'Krishna Paksha Shashti', 1),
(103, '2019-03-27', 'Krishna Paksha Saptami', 1),
(104, '2019-03-28', 'Krishna Paksha Ashtmi', 1),
(105, '2019-03-29', 'Krishna Paksha Navmi', 1),
(106, '2019-03-30', 'Krishna Paksha Dashmi', 1),
(107, '2019-03-31', 'Krishna Paksha Ekadashi', 1),
(108, '2019-04-01', 'Krishna Paksha Ekadashi', 1),
(109, '2019-04-02', 'Krishna Paksha Dwadashi', 1),
(110, '2019-04-03', 'Krishna Paksha Trayodashi', 1),
(111, '2019-04-04', 'Krishna Paksha Chaturdashi', 1),
(112, '2019-04-05', 'Amavasya', 1),
(113, '2019-04-06', 'Shukla Paksha Pratipada', 1),
(114, '2019-04-07', 'Shukla Paksha Dwitiya', 1),
(115, '2019-04-08', 'Shukla Paksha Tritiya', 1),
(116, '2019-04-09', 'Shukla Paksha Chaturthi', 1),
(117, '2019-04-10', 'Shukla Paksha Panchami', 1),
(118, '2019-04-11', 'Shukla Paksha Shashti', 1),
(119, '2019-04-12', 'Shukla Paksha Saptami', 1),
(120, '2019-04-13', 'Shukla Paksha Ashtmi', 1),
(121, '2019-04-14', 'Shukla Paksha Navmi / Dashmi', 2),
(122, '2019-04-15', 'Shukla Paksha Ekadashi', 1),
(123, '2019-04-16', 'Shukla Paksha Dwadashi', 1),
(124, '2019-04-17', 'Shukla Paksha Trayodashi', 1),
(125, '2019-04-18', 'Shukla Paksha Chaturdashi', 1),
(126, '2019-04-19', 'Purnima', 1),
(127, '2019-04-20', 'Krishna Paksha Pratipada', 1),
(128, '2019-04-21', 'Krishna Paksha Dwitiya', 1),
(129, '2019-04-22', 'Krishna Paksha Tritiya', 1),
(130, '2019-04-23', 'Krishna Paksha Chaturthi', 1),
(131, '2019-04-24', 'Krishna Paksha Panchami', 1),
(132, '2019-04-25', 'Krishna Paksha Shashti', 1),
(133, '2019-04-26', 'Krishna Paksha Saptami', 1),
(134, '2019-04-27', 'Krishna Paksha Ashtmi', 1),
(135, '2019-04-28', 'Krishna Paksha Navmi', 1),
(136, '2019-04-29', 'Krishna Paksha Dashmi', 1),
(137, '2019-04-30', 'Krishna Paksha Ekadashi', 1),
(138, '2019-05-01', 'Krishna Paksha Dwadashi', 1),
(139, '2019-05-02', 'Krishna Paksha Trayodashi', 1),
(140, '2019-05-03', 'Krishna Paksha Chaturdashi', 1),
(141, '2019-05-04', 'Amavasya', 1),
(142, '2019-05-05', 'Shukla Paksha Pratipada', 1),
(143, '2019-05-06', 'Shukla Paksha Dwitiya', 1),
(144, '2019-05-07', 'Shukla Paksha Tritiya', 1),
(145, '2019-05-08', 'Shukla Paksha Chaturthi', 1),
(146, '2019-05-09', 'Shukla Paksha Panchami', 1),
(147, '2019-05-10', 'Shukla Paksha Shashti', 1),
(148, '2019-05-11', 'Shukla Paksha Saptami', 1),
(149, '2019-05-12', 'Shukla Paksha Ashtmi', 1),
(150, '2019-05-13', 'Shukla Paksha Navmi', 1),
(151, '2019-05-14', 'Shukla Paksha Dashmi', 1),
(152, '2019-05-15', 'Shukla Paksha Ekadashi', 1),
(153, '2019-05-16', 'Shukla Paksha Dwadashi / Trayodashi', 2),
(154, '2019-05-17', 'Shukla Paksha Chaturdashi', 1),
(155, '2019-05-18', 'Purnima', 1),
(156, '2019-05-19', 'Krishna Paksha Pratipada', 1),
(157, '2019-05-20', 'Krishna Paksha Dwitiya', 1),
(158, '2019-05-21', 'Krishna Paksha Tritiya', 1),
(159, '2019-05-22', 'Krishna Paksha Chaturthi', 1),
(160, '2019-05-23', 'Krishna Paksha Panchami', 1),
(161, '2019-05-24', 'Krishna Paksha Shashti', 1),
(162, '2019-05-25', 'Krishna Paksha Shashti', 1),
(163, '2019-05-26', 'Krishna Paksha Saptami', 1),
(164, '2019-05-27', 'Krishna Paksha Ashtmi', 1),
(165, '2019-05-28', 'Krishna Paksha Navmi', 1),
(166, '2019-05-29', 'Krishna Paksha Dashmi', 1),
(167, '2019-05-30', 'Krishna Paksha Ekadashi', 1),
(168, '2019-05-31', 'Krishna Paksha Dwadashi', 1),
(169, '2019-06-01', 'Krishna Paksha Trayodashi', 1),
(170, '2019-06-02', 'Krishna Paksha Chaturdashi', 1),
(171, '2019-06-03', 'Amavasya', 1),
(172, '2019-06-04', 'Shukla Paksha Pratipada', 1),
(173, '2019-06-05', 'Shukla Paksha Dwitiya', 1),
(174, '2019-06-06', 'Shukla Paksha Tritiya', 1),
(175, '2019-06-07', 'Shukla Paksha Chaturthi', 1),
(176, '2019-06-08', 'Shukla Paksha Panchami / Shashti', 2),
(177, '2019-06-09', 'Shukla Paksha Saptami', 1),
(178, '2019-06-10', 'Shukla Paksha Ashtmi', 1),
(179, '2019-06-11', 'Shukla Paksha Navmi', 1),
(180, '2019-06-12', 'Shukla Paksha Dashmi', 1),
(181, '2019-06-13', 'Shukla Paksha Ekadashi', 1),
(182, '2019-06-14', 'Shukla Paksha Dwadashi', 1),
(183, '2019-06-15', 'Shukla Paksha Trayodashi', 1),
(184, '2019-06-16', 'Shukla Paksha Chaturdashi', 1),
(185, '2019-06-17', 'Purnima', 1),
(186, '2019-06-18', 'Krishna Paksha Pratipada', 1),
(187, '2019-06-19', 'Krishna Paksha Dwitiya', 1),
(188, '2019-06-20', 'Krishna Paksha Tritiya', 1),
(189, '2019-06-21', 'Krishna Paksha Chaturthi', 1),
(190, '2019-06-22', 'Krishna Paksha Panchami', 1),
(191, '2019-06-23', 'Krishna Paksha Shashti', 1),
(192, '2019-06-24', 'Krishna Paksha Saptami', 1),
(193, '2019-06-25', 'Krishna Paksha Ashtmi', 1),
(194, '2019-06-26', 'Krishna Paksha Navmi', 1),
(195, '2019-06-27', 'Krishna Paksha Dashmi', 1),
(196, '2019-06-28', 'Krishna Paksha Ekadashi', 1),
(197, '2019-06-29', 'Krishna Paksha Dwadashi', 1),
(198, '2019-06-30', 'Krishna Paksha Trayodashi', 1),
(199, '2019-07-01', 'Krishna Paksha Chaturdashi', 1),
(200, '2019-07-02', 'Amavasya', 1),
(201, '2019-07-03', 'Shukla Paksha Pratipada', 1),
(202, '2019-07-04', 'Shukla Paksha Dwitiya', 1),
(203, '2019-07-05', 'Shukla Paksha Tritiya', 1),
(204, '2019-07-06', 'Shukla Paksha Chaturthi', 1),
(205, '2019-07-07', 'Shukla Paksha Panchami', 1),
(206, '2019-07-08', 'Shukla Paksha Shashti', 1),
(207, '2019-07-09', 'Shukla Paksha Saptami', 1),
(208, '2019-07-10', 'Shukla Paksha Ashtmi / Navmi', 2),
(209, '2019-07-11', 'Shukla Paksha Dashmi', 1),
(210, '2019-07-12', 'Shukla Paksha Ekadashi', 1),
(211, '2019-07-13', 'Shukla Paksha Dwadashi', 1),
(212, '2019-07-14', 'Shukla Paksha Trayodashi', 1),
(213, '2019-07-15', 'Shukla Paksha Chaturdashi', 1),
(214, '2019-07-16', 'Purnima', 1),
(215, '2019-07-17', 'Krishna Paksha Pratipada', 1),
(216, '2019-07-18', 'Krishna Paksha Dwitiya', 1),
(217, '2019-07-19', 'Krishna Paksha Tritiya', 1),
(218, '2019-07-20', 'Krishna Paksha Tritiya', 1),
(219, '2019-07-21', 'Krishna Paksha Chaturthi', 1),
(220, '2019-07-22', 'Krishna Paksha Panchami', 1),
(221, '2019-07-23', 'Krishna Paksha Shashti', 1),
(222, '2019-07-24', 'Krishna Paksha Saptami', 1),
(223, '2019-07-25', 'Krishna Paksha Ashtmi', 1),
(224, '2019-07-26', 'Krishna Paksha Navmi', 1),
(225, '2019-07-27', 'Krishna Paksha Dashmi', 1),
(226, '2019-07-28', 'Krishna Paksha Ekadashi', 1),
(227, '2019-07-29', 'Krishna Paksha Dwadashi', 1),
(228, '2019-07-30', 'Krishna Paksha Trayodashi', 1),
(229, '2019-07-31', 'Krishna Paksha Chaturdashi', 1),
(230, '2019-08-01', 'Amavasya', 1),
(231, '2019-08-02', 'Shukla Paksha Pratipada / Dwitiya', 2),
(232, '2019-08-03', 'Shukla Paksha Tritiya', 1),
(233, '2019-08-04', 'Shukla Paksha Chaturthi', 1),
(234, '2019-08-05', 'Shukla Paksha Panchami', 1),
(235, '2019-08-06', 'Shukla Paksha Shashti', 1),
(236, '2019-08-07', 'Shukla Paksha Saptami', 1),
(237, '2019-08-08', 'Shukla Paksha Ashtmi', 1),
(238, '2019-08-09', 'Shukla Paksha Navmi', 1),
(239, '2019-08-10', 'Shukla Paksha Dashmi', 1),
(240, '2019-08-11', 'Shukla Paksha Ekadashi', 1),
(241, '2019-08-12', 'Shukla Paksha Dwadashi', 1),
(242, '2019-08-13', 'Shukla Paksha Trayodashi', 1),
(243, '2019-08-14', 'Shukla Paksha Chaturdashi', 1),
(244, '2019-08-15', 'Purnima', 1),
(245, '2019-08-16', 'Krishna Paksha Pratipada', 1),
(246, '2019-08-17', 'Krishna Paksha Dwitiya', 1),
(247, '2019-08-18', 'Krishna Paksha Tritiya', 1),
(248, '2019-08-19', 'Krishna Paksha Chaturthi', 1),
(249, '2019-08-20', 'Krishna Paksha Panchami', 1),
(250, '2019-08-21', 'Krishna Paksha Shashti', 1),
(251, '2019-08-22', 'Krishna Paksha Saptami', 1),
(252, '2019-08-23', 'Krishna Paksha Ashtmi', 1),
(253, '2019-08-24', 'Krishna Paksha Navmi', 1),
(254, '2019-08-25', 'Krishna Paksha Dashmi', 1),
(255, '2019-08-26', 'Krishna Paksha Ekadashi', 1),
(256, '2019-08-27', 'Krishna Paksha Dwadashi', 1),
(257, '2019-08-28', 'Krishna Paksha Trayodashi', 1),
(258, '2019-08-29', 'Krishna Paksha Chaturdashi', 1),
(259, '2019-08-30', 'Amavasya', 1),
(260, '2019-08-31', 'Shukla Paksha Pratipada', 1),
(261, '2019-09-01', 'Shukla Paksha Dwitiya', 1),
(262, '2019-09-02', 'Shukla Paksha Tritiya', 1),
(263, '2019-09-03', 'Shukla Paksha Chaturthi / Panchami', 2),
(264, '2019-09-04', 'Shukla Paksha Shashti', 1),
(265, '2019-09-05', 'Shukla Paksha Saptami', 1),
(266, '2019-09-06', 'Shukla Paksha Ashtmi', 1),
(267, '2019-09-07', 'Shukla Paksha Navmi', 1),
(268, '2019-09-08', 'Shukla Paksha Dashmi', 1),
(269, '2019-09-09', 'Shukla Paksha Ekadashi', 1),
(270, '2019-09-10', 'Shukla Paksha Dwadashi', 1),
(271, '2019-09-11', 'Shukla Paksha Trayodashi', 1),
(272, '2019-09-12', 'Shukla Paksha Chaturdashi', 1),
(273, '2019-09-13', 'Shukla Paksha Chaturdashi', 1),
(274, '2019-09-14', 'Purnima', 1),
(275, '2019-09-15', 'Krishna Paksha Pratipada', 1),
(276, '2019-09-16', 'Krishna Paksha Dwitiya', 1),
(277, '2019-09-17', 'Krishna Paksha Tritiya', 1),
(278, '2019-09-18', 'Krishna Paksha Chaturthi', 1),
(279, '2019-09-19', 'Krishna Paksha Panchami', 1),
(280, '2019-09-20', 'Krishna Paksha Shashti', 1),
(281, '2019-09-21', 'Krishna Paksha Saptami', 1),
(282, '2019-09-22', 'Krishna Paksha Ashtmi', 1),
(283, '2019-09-23', 'Krishna Paksha Navmi', 1),
(284, '2019-09-24', 'Krishna Paksha Dashmi', 1),
(285, '2019-09-25', 'Krishna Paksha Ekadashi', 1),
(286, '2019-09-26', 'Krishna Paksha Dwadashi / Trayodashi', 2),
(287, '2019-09-27', 'Krishna Paksha Chaturdashi', 1),
(288, '2019-09-28', 'Amavasya', 1),
(289, '2019-09-29', 'Shukla Paksha Pratipada', 1),
(290, '2019-09-30', 'Shukla Paksha Dwitiya', 1),
(291, '2019-10-01', 'Shukla Paksha Tritiya', 1),
(292, '2019-10-02', 'Shukla Paksha Chaturthi', 1),
(293, '2019-10-03', 'Shukla Paksha Panchami', 1),
(294, '2019-10-04', 'Shukla Paksha Shashti', 1),
(295, '2019-10-05', 'Shukla Paksha Saptami', 1),
(296, '2019-10-06', 'Shukla Paksha Ashtmi', 1),
(297, '2019-10-07', 'Shukla Paksha Navmi', 1),
(298, '2019-10-08', 'Shukla Paksha Dashmi', 1),
(299, '2019-10-09', 'Shukla Paksha Ekadashi', 1),
(300, '2019-10-10', 'Shukla Paksha Dwadashi', 1),
(301, '2019-10-11', 'Shukla Paksha Trayodashi', 1),
(302, '2019-10-12', 'Shukla Paksha Chaturdashi', 1),
(303, '2019-10-13', 'Purnima', 1),
(304, '2019-10-14', 'Krishna Paksha Pratipada', 1),
(305, '2019-10-15', 'Krishna Paksha Dwitiya', 1),
(306, '2019-10-16', 'Krishna Paksha Tritiya', 1),
(307, '2019-10-17', 'Krishna Paksha Chaturthi', 1),
(308, '2019-10-18', 'Krishna Paksha Panchami', 1),
(309, '2019-10-19', 'Krishna Paksha Shashti', 1),
(310, '2019-10-20', 'Krishna Paksha Saptami', 1),
(311, '2019-10-21', 'Krishna Paksha Ashtmi', 1),
(312, '2019-10-22', 'Krishna Paksha Navmi', 1),
(313, '2019-10-23', 'Krishna Paksha Dashmi', 1),
(314, '2019-10-24', 'Krishna Paksha Ekadashi', 1),
(315, '2019-10-25', 'Krishna Paksha Dwadashi', 1),
(316, '2019-10-26', 'Krishna Paksha Trayodashi', 1),
(317, '2019-10-27', 'Krishna Paksha Chaturdashi', 1),
(318, '2019-10-28', 'Amavasya', 1),
(319, '2019-10-29', 'Shukla Paksha Pratipada / Dwitiya', 2),
(320, '2019-10-30', 'Shukla Paksha Tritiya', 1),
(321, '2019-10-31', 'Shukla Paksha Chaturthi', 1),
(322, '2019-11-01', 'Shukla Paksha Panchami', 1),
(323, '2019-11-02', 'Shukla Paksha Shashti', 1),
(324, '2019-11-03', 'Shukla Paksha Saptami', 1),
(325, '2019-11-04', 'Shukla Paksha Ashtmi', 1),
(326, '2019-11-05', 'Shukla Paksha Navmi', 1),
(327, '2019-11-06', 'Shukla Paksha Navmi', 1),
(328, '2019-11-07', 'Shukla Paksha Dashmi', 1),
(329, '2019-11-08', 'Shukla Paksha Ekadashi', 1),
(330, '2019-11-09', 'Shukla Paksha Dwadashi', 1),
(331, '2019-11-10', 'Shukla Paksha Trayodashi', 1),
(332, '2019-11-11', 'Shukla Paksha Chaturdashi', 1),
(333, '2019-11-12', 'Purnima', 1),
(334, '2019-11-13', 'Krishna Paksha Pratipada', 1),
(335, '2019-11-14', 'Krishna Paksha Dwitiya', 1),
(336, '2019-11-15', 'Krishna Paksha Tritiya', 2),
(337, '2019-11-16', 'Krishna Paksha Chaturthi', 1),
(338, '2019-11-17', 'Krishna Paksha Panchami', 1),
(339, '2019-11-18', 'Krishna Paksha Shashti', 1),
(340, '2019-11-19', 'Krishna Paksha Saptami', 1),
(341, '2019-11-20', 'Krishna Paksha Ashtmi', 1),
(342, '2019-11-21', 'Krishna Paksha Navmi', 1),
(343, '2019-11-22', 'Krishna Paksha Dashmi / Ekadashi', 2),
(344, '2019-11-23', 'Krishna PakshaDwadashi', 1),
(345, '2019-11-24', 'Krishna Paksha Trayodashi', 1),
(346, '2019-11-25', 'Krishna Paksha Chaturdashi', 1),
(347, '2019-11-26', 'Amavasya', 1),
(348, '2019-11-27', 'Shukla Paksha Pratipada', 1),
(349, '2019-11-28', 'Shukla Paksha Dwitiya', 1),
(350, '2019-11-29', 'Shukla Paksha Tritiya', 1),
(351, '2019-11-30', 'Shukla Paksha Chaturthi', 1),
(352, '2019-12-01', 'Shukla Paksha Panchami', 1),
(353, '2019-12-02', 'Shukla Paksha Shashti', 1),
(354, '2019-12-03', 'Shukla Paksha Saptami', 1),
(355, '2019-12-04', 'Shukla Paksha Ashtmi', 1),
(356, '2019-12-05', 'Shukla Paksha Navmi', 1),
(357, '2019-12-06', 'Shukla Paksha Dashmi', 1),
(358, '2019-12-07', 'Shukla Paksha Ekadashi', 1),
(359, '2019-12-08', 'Shukla Paksha Ekadashi', 1),
(360, '2019-12-09', 'Shukla Paksha Dwadashi', 1),
(361, '2019-12-10', 'Shukla Paksha Trayodashi', 1),
(362, '2019-12-11', 'Shukla Paksha Chaturdashi', 1),
(363, '2019-12-12', 'Purnima', 1),
(364, '2019-12-13', 'Krishna Paksha Pratipada', 1),
(365, '2019-12-14', 'Krishna Paksha Dwitiya', 1),
(366, '2019-12-15', 'Krishna Paksha Tritiya / Chaturthi', 2),
(367, '2019-12-16', 'Krishna Paksha Panchami', 1),
(368, '2019-12-17', 'Krishna Paksha Shashti', 1),
(369, '2019-12-18', 'Krishna Paksha Saptami', 1),
(370, '2019-12-19', 'Krishna Paksha Ashtmi', 1),
(371, '2019-12-20', 'Krishna Paksha Navmi', 1),
(372, '2019-12-21', 'Krishna Paksha Dashmi', 1),
(373, '2019-12-22', 'Krishna Paksha  Ekadashi', 1),
(374, '2019-12-23', 'Krishna Paksha Dwadashi ', 1),
(375, '2019-12-24', 'Krishna Paksha Trayodashi ', 1),
(376, '2019-12-25', ' krisha paksha Chaturdashi', 1),
(377, '2019-12-26', 'Amavasya', 1),
(378, '2019-12-27', 'Shukla Paksha Pratipada', 1),
(379, '2019-12-28', 'Shukla Paksha Dwitiya', 1),
(380, '2019-12-29', 'Shukla Paksha Tritiya', 1),
(381, '2019-12-30', 'Shukla Paksha Chaturthi', 1),
(382, '2019-12-31', 'Shukla Paksha Panchami', 1),
(383, '2020-01-01', 'Shukla Paksha Shashti', 1),
(384, '2020-01-02', 'Shukla Paksha Saptami', 1),
(385, '2020-01-03', 'Shukla Paksha Ashtmi', 1),
(386, '2020-01-04', 'Shukla Paksha Navmi', 1),
(387, '2020-01-05', 'Shukla Paksha Dashmi', 1),
(388, '2020-01-06', 'Shukla Paksha Ekadashi', 1),
(389, '2020-01-07', 'Shukla Paksha Dwadashi', 1),
(390, '2020-01-08', 'Shukla Paksha Trayodashi', 1),
(391, '2020-01-09', 'Shukla Paksha Chaturdashi', 1),
(392, '2020-01-10', 'Purnima', 1),
(393, '2020-01-11', 'Krishna Paksha Pratipada', 1),
(394, '2020-01-12', 'Krishna Paksha Dwitiya', 1),
(395, '2020-01-13', 'Krishna Paksha Tritiya', 1),
(396, '2020-01-14', 'Krishna Paksha Chaturthi', 1),
(397, '2020-01-15', 'Krishna Paksha Panchami', 1),
(398, '2020-01-16', 'Krishna Paksha Shashti', 1),
(399, '2020-01-17', 'Krishna Paksha Saptami /Ashtmi', 2),
(400, '2020-01-18', 'Krishna Paksha  Navmi', 1),
(401, '2020-01-19', 'Krishna Paksha  Dashmi', 1),
(402, '2020-01-20', 'Krishna Paksha  Ekadashi', 1),
(403, '2020-01-21', 'Krishna Paksha  Dwadashi', 1),
(404, '2020-01-22', 'Krishna Paksha  Trayodashi', 1),
(405, '2020-01-23', 'Krishna Paksha  Chaturdashi', 1),
(406, '2020-01-24', 'Amavasya', 1),
(407, '2020-01-25', 'Shukla Paksha Pratipada', 1),
(408, '2020-01-26', 'Shukla Paksha Dwitiya', 1),
(409, '2020-01-27', 'Shukla Paksha Tritiya', 1),
(410, '2020-01-28', 'Shukla Paksha Tritiya', 1),
(411, '2020-01-29', 'Shukla Paksha Chaturthi', 1),
(412, '2020-01-30', 'Shukla Paksha Panchami', 1),
(413, '2020-01-31', 'Shukla Paksha Shashti', 1),
(414, '2020-02-01', 'Shukla Paksha Saptami', 1),
(415, '2020-02-02', 'Shukla Paksha Ashtmi', 1),
(416, '2020-02-03', 'Shukla Paksha Navmi', 1),
(417, '2020-02-04', 'Shukla Paksha Dashmi', 1),
(418, '2020-02-05', 'Shukla Paksha Ekadashi', 1),
(419, '2020-02-06', 'Shukla Paksha Dwadashi', 1),
(420, '2020-02-07', 'Shukla Paksha Trayodashi', 1),
(421, '2020-02-08', 'Shukla Paksha Chaturdashi', 1),
(422, '2020-02-09', 'Purnima', 1),
(423, '2020-02-10', 'Krishna Paksha Pratipada /Dwitiya', 2),
(424, '2020-02-11', 'Krishna Paksha Tritiya', 1),
(425, '2020-02-12', 'Krishna Paksha Chaturthi', 1),
(426, '2020-02-13', 'Krishna Paksha Panchami', 1),
(427, '2020-02-14', 'Krishna Paksha Shashti', 1),
(428, '2020-02-15', 'Krishna Paksha Saptami', 1),
(429, '2020-02-16', 'Krishna Paksha Ashtmi', 1),
(430, '2020-02-17', 'Krishna Paksha Navmi', 1),
(431, '2020-02-18', 'Krishna Paksha Dashmi', 1),
(432, '2020-02-19', 'Krishna Paksha Ekadashi', 1),
(433, '2020-02-20', 'Krishna Paksha Dwadashi', 1),
(434, '2020-02-21', 'Krishna Paksha Trayodashi', 1),
(435, '2020-02-22', 'Krishna Paksha Chaturdashi', 1),
(436, '2020-02-23', 'Amavasya', 1),
(437, '2020-02-24', 'Shukla Paksha Pratipada', 1),
(438, '2020-02-25', 'Shukla Paksha Dwitiya', 1),
(439, '2020-02-26', 'Shukla Paksha Tritiya\r\n', 1),
(440, '2020-02-27', 'Shukla Paksha Chaturthi', 1),
(441, '2020-02-28', 'Shukla Paksha Chaturthi', 1),
(442, '2020-02-29', 'Shukla Paksha Panchami', 1),
(443, '2020-03-01', 'Shukla Paksha Shashti', 1),
(444, '2020-03-02', 'Shukla Paksha Saptami', 1),
(445, '2020-03-03', 'Shukla Paksha Ashtmi', 1),
(446, '2020-03-04', 'Shukla Paksha Navmi', 1),
(447, '2020-03-05', 'Shukla Paksha Dashmi', 1),
(448, '2020-03-06', 'Shukla Paksha Ekadashi', 1),
(449, '2020-03-07', 'Shukla Paksha Dwadashi', 1),
(450, '2020-03-08', 'Shukla Paksha Trayodashi /Chaturdashi', 2),
(451, '2020-03-09', 'Purnima', 1),
(452, '2020-03-10', 'Krishna Paksha Pratipada', 1),
(453, '2020-03-11', 'Krishna Paksha Dwitiya', 1),
(454, '2020-03-12', 'Krishna Paksha Tritiya', 1),
(455, '2020-03-13', 'Krishna Paksha Chaturthi', 1),
(456, '2020-03-14', 'Krishna Paksha Panchami /Shashti', 2),
(457, '2020-03-15', 'Krishna Paksha Saptami ', 1),
(458, '2020-03-16', 'Krishna Paksha Ashtmi ', 1),
(459, '2020-03-17', 'Krishna Paksha Navmi ', 1),
(460, '2020-03-18', 'Krishna Paksha Dashmi ', 1),
(461, '2020-03-19', 'Krishna Paksha Ekadashi ', 1),
(462, '2020-03-20', 'Krishna Paksha Dwadashi ', 1),
(463, '2020-03-21', 'Krishna Paksha Dwadashi ', 1),
(464, '2020-03-22', 'Krishna Paksha Trayodashi ', 1),
(465, '2020-03-23', 'Krishna Paksha Chaturdashi ', 1),
(466, '2020-03-24', 'Amavasya', 1),
(467, '2020-03-25', 'Shukla Paksha Pratipada', 1),
(468, '2020-03-26', 'Shukla Paksha Dwitiya', 1),
(469, '2020-03-27', 'Shukla Paksha Tritiya', 1),
(470, '2020-03-28', 'Shukla Paksha Chaturthi', 1),
(471, '2020-03-29', 'Shukla Paksha Panchami', 1),
(472, '2020-03-30', 'Shukla Paksha Shashti', 1),
(473, '2020-03-31', 'Shukla Paksha Saptami', 1),
(474, '2020-04-01', 'Shukla Paksha Ashtmi', 1),
(475, '2020-04-02', 'Shukla Paksha Navmi', 1),
(476, '2020-04-03', 'Shukla Paksha Dashmi', 1),
(477, '2020-04-04', 'Shukla Paksha Ekadashi', 1),
(478, '2020-04-05', 'Shukla Paksha Dwadashi', 1),
(479, '2020-04-06', 'Shukla Paksha Trayodashi', 1),
(480, '2020-04-07', 'Shukla Paksha Chaturdashi', 1),
(481, '2020-04-08', 'Purnima /Krishna Paksha Pratipada', 2),
(482, '2020-04-09', 'Krishna Paksha Dwitiya', 1),
(483, '2020-04-10', 'Krishna Paksha Tritiya', 1),
(484, '2020-04-11', 'Krishna Paksha Chaturthi', 1),
(485, '2020-04-12', 'Krishna Paksha Panchami', 1),
(486, '2020-04-13', 'Krishna Paksha Shashti', 1),
(487, '2020-04-14', 'Krishna Paksha Saptami', 1),
(488, '2020-04-15', 'Krishna Paksha Ashtmi', 1),
(489, '2020-04-16', 'Krishna Paksha Navmi', 1),
(490, '2020-04-17', 'Krishna Paksha Dashmi', 1),
(491, '2020-04-18', 'Krishna Paksha Ekadashi', 1),
(492, '2020-04-19', 'Krishna Paksha Dwadashi', 1),
(493, '2020-04-20', 'Krishna Paksha Trayodashi', 1),
(494, '2020-04-21', 'Krishna Paksha Chaturdashi', 1),
(495, '2020-04-22', 'Krishna Paksha Chaturdashi', 1),
(496, '2020-04-23', 'Amavasya', 1),
(497, '2020-04-24', 'Shukla Paksha Pratipada', 1),
(498, '2020-04-25', 'Shukla Paksha Dwitiya', 1),
(499, '2020-04-26', 'Shukla Paksha Tritiya', 1),
(500, '2020-04-27', 'Shukla Paksha Chaturthi', 1),
(501, '2020-04-28', 'Shukla Paksha Panchami', 1),
(502, '2020-04-29', 'Shukla Paksha Shashti', 1),
(503, '2020-04-30', 'Shukla Paksha Saptami', 1),
(504, '2020-05-01', 'Shukla Paksha Ashtmi', 1),
(505, '2020-05-02', 'Shukla Paksha Navmi', 1),
(506, '2020-05-03', 'Shukla Paksha Dashmi', 1),
(507, '2020-05-04', 'Shukla Paksha Ekadashi / Dwadashi', 2),
(508, '2020-05-05', 'Shukla Paksha Trayodashi', 1),
(509, '2020-05-06', 'Shukla Paksha Chaturdashi', 1),
(510, '2020-05-07', 'Purnima', 1),
(511, '2020-05-08', 'Krishna Paksha Pratipada', 1),
(512, '2020-05-09', 'Krishna Paksha Dwitiya', 1),
(513, '2020-05-10', 'Krishna Paksha Tritiya', 1),
(514, '2020-05-11', 'Krishna Paksha Chaturthi', 1),
(515, '2020-05-12', 'Krishna Paksha Panchami', 1),
(516, '2020-05-13', 'Krishna Paksha Shashti', 1),
(517, '2020-05-14', 'Krishna Paksha Saptami', 1),
(518, '2020-05-15', 'Krishna Paksha Ashtmi', 1),
(519, '2020-05-16', 'Krishna Paksha Navmi', 1),
(520, '2020-05-17', 'Krishna Paksha Dashmi', 1),
(521, '2020-05-18', 'Krishna Paksha Ekadashi', 1),
(522, '2020-05-19', 'Krishna Paksha Dwadashi', 1),
(523, '2020-05-20', 'Krishna Paksha Trayodashi', 1),
(524, '2020-05-21', 'Krishna Paksha Chaturdashi', 1),
(525, '2020-05-22', 'Amavasya', 1),
(526, '2020-05-23', 'Shukla Paksha Pratipada', 1),
(527, '2020-05-24', 'Shukla Paksha Dwitiya', 1),
(528, '2020-05-25', 'Shukla Paksha Tritiya', 1),
(529, '2020-05-26', 'Shukla Paksha Chaturthi', 1),
(530, '2020-05-27', 'Shukla Paksha Panchami', 1),
(531, '2020-05-28', 'Shukla Paksha Shashti', 1),
(532, '2020-05-29', 'Shukla Paksha Saptami', 1),
(533, '2020-05-30', 'Shukla Paksha Ashtmi', 1),
(534, '2020-05-31', 'Shukla Paksha Navmi', 1),
(535, '2020-06-01', 'Shukla Paksha Dashmi', 1),
(536, '2020-06-02', 'Shukla Paksha Ekadashi', 1),
(537, '2020-06-03', 'Shukla Paksha Dwadashi', 1),
(538, '2020-06-04', 'Shukla Paksha Trayodashi / Chaturdashi', 2),
(539, '2020-06-05', 'Purnima', 1),
(540, '2020-06-06', 'Krishna Paksha Pratipada', 1),
(541, '2020-06-07', 'Krishna Paksha Dwitiya', 1),
(542, '2020-06-08', 'Krishna Paksha Tritiya', 1),
(543, '2020-06-09', 'Krishna Paksha Chaturthi', 1),
(544, '2020-06-10', 'Krishna Paksha Panchami', 1),
(545, '2020-06-11', 'Krishna Paksha Shashti', 1),
(546, '2020-06-12', 'Krishna Paksha Saptami', 1),
(547, '2020-06-13', 'Krishna Paksha Ashtmi', 1),
(548, '2020-06-14', 'Krishna Paksha Navmi', 1),
(549, '2020-06-15', 'Krishna Paksha Navmi', 1),
(550, '2020-06-16', 'Krishna Paksha Dashmi', 1),
(551, '2020-06-17', 'Krishna Paksha Ekadashi', 1),
(552, '2020-06-18', 'Krishna Paksha Dwadashi', 1),
(553, '2020-06-19', 'Krishna Paksha Trayodashi', 1),
(554, '2020-06-20', 'Krishna Paksha Chaturdashi', 1),
(555, '2020-06-21', 'Amavasya', 1),
(556, '2020-06-22', 'Shukla Paksha Pratipada', 1),
(557, '2020-06-23', 'Shukla Paksha Dwitiya', 1),
(558, '2020-06-24', 'Shukla Paksha Tritiya', 1),
(559, '2020-06-25', 'Shukla Paksha Chaturthi', 1),
(560, '2020-06-26', 'Shukla Paksha Panchami', 1),
(561, '1899-06-27', 'Shukla Paksha Shashti', 1),
(562, '2020-06-28', 'Shukla Paksha Saptami / Ashtmi', 2),
(563, '2020-06-29', 'Shukla Paksha Navmi', 1),
(564, '2020-06-30', 'Shukla Paksha Dashmi', 1),
(565, '2020-07-01', 'Shukla Paksha Ekadashi', 1),
(566, '2020-07-02', 'Shukla Paksha Dwadashi', 1),
(567, '2020-07-03', 'Shukla Paksha Trayodashi', 1),
(568, '2020-07-04', 'Shukla Paksha Chaturdashi', 1),
(569, '2020-07-05', 'Purnima', 1),
(571, '2020-07-06', 'Krishna Paksha Pratipada', 1),
(572, '2020-07-07', 'Krishna Paksha Dwitiya', 1),
(573, '2020-07-08', 'Krishna Paksha Tritiya', 1),
(574, '2020-07-09', 'Krishna Paksha Chaturthi', 1),
(575, '2020-07-10', 'Krishna Paksha Panchami', 1),
(576, '2020-07-11', 'Krishna Paksha Shashti', 1),
(577, '2020-07-12', 'Krishna Paksha Saptami', 1),
(578, '2020-07-13', 'Krishna Paksha Ashtmi', 1),
(579, '2020-07-14', 'Krishna Paksha Navmi', 1),
(580, '2020-07-15', 'Krishna Paksha Dashmi', 1),
(581, '2020-07-16', 'Krishna Paksha Ekadashi', 1),
(582, '2020-07-17', 'Krishna Paksha Dwadashi', 1),
(583, '2020-07-18', 'Krishna Paksha Trayodashi', 1),
(584, '2020-07-19', 'Krishna Paksha Chaturdashi', 1),
(585, '2020-07-20', 'Amavasya', 1),
(586, '2020-07-21', 'Shukla Paksha Pratipada', 1),
(587, '2020-07-22', 'Shukla Paksha Dwitiya', 1),
(588, '2020-07-23', 'Shukla Paksha Tritiya', 1),
(589, '2020-07-24', 'Shukla Paksha Chaturthi', 1),
(590, '2020-07-25', 'Shukla Paksha Panchami', 1),
(591, '2020-07-26', 'Shukla Paksha Shashti', 1),
(592, '2020-07-27', 'Shukla Paksha Saptami', 1),
(593, '2020-07-28', 'Shukla Paksha Navmi', 1),
(594, '2020-07-29', 'Shukla Paksha Dashmi', 1),
(595, '2020-07-30', 'Shukla Paksha Ekadashi', 1),
(596, '2020-07-31', 'Shukla Paksha Dwadashi', 1),
(597, '2020-08-01', 'Shukla Paksha Trayodashi', 1),
(598, '2020-08-02', 'Shukla Paksha Chaturdashi', 1),
(599, '2020-08-03', 'Purnima', 1),
(600, '2020-08-04', 'Krishna Paksha Pratipada', 1),
(601, '2020-08-05', 'Krishna Paksha Dwitiya', 1),
(602, '2020-08-06', 'Krishna Paksha Tritiya', 1),
(603, '2020-08-07', 'Krishna Paksha Chaturthi', 1),
(604, '2020-08-08', 'Krishna Paksha Panchami', 1),
(605, '2020-08-09', 'Krishna Paksha Shashti', 1),
(606, '2020-08-10', 'Krishna Paksha Shashti', 1),
(607, '2020-08-11', 'Krishna Paksha Saptami', 1),
(608, '2020-08-12', 'Krishna Paksha Ashtmi', 1),
(609, '2020-08-13', 'Krishna Paksha Navmi', 1),
(610, '2020-08-14', 'Krishna Paksha Dashmi', 1),
(611, '2020-08-15', 'Krishna Paksha Ekadashi', 1),
(612, '2020-08-16', 'Krishna Paksha Dwadashi', 1),
(613, '2020-08-17', 'Krishna Paksha Trayodashi', 1),
(614, '2020-08-18', 'Krishna Paksha Chaturdashi', 1),
(615, '2020-08-19', 'Amavasya / Shukla Paksha Pratipada', 2),
(616, '2020-08-20', 'Shukla Paksha Dwitiya', 1),
(617, '2020-08-21', 'Shukla Paksha Tritiya', 1),
(618, '2020-08-22', 'Shukla Paksha Chaturthi', 1),
(619, '2020-08-23', 'Shukla Paksha Panchami', 1),
(620, '2020-08-24', 'Shukla Paksha Shashti', 1),
(621, '2020-08-25', 'Shukla Paksha Saptami', 1),
(622, '2020-08-26', 'Shukla Paksha Ashtmi', 1),
(623, '2020-08-27', 'Shukla Paksha Navmi', 1),
(624, '2020-08-28', 'Shukla Paksha Dashmi', 1),
(625, '2020-08-29', 'Shukla Paksha Ekadashi', 1),
(626, '2020-08-30', 'Shukla Paksha Dwadashi', 1),
(627, '2020-08-31', 'Shukla Paksha Trayodashi', 1),
(628, '2020-09-01', 'Shukla Paksha Chaturdashi', 1),
(629, '2020-09-02', 'Purnima', 1),
(630, '2020-09-03', 'Krishna Paksha Pratipada', 1),
(631, '2020-09-04', 'Krishna Paksha Dwitiya', 1),
(632, '2020-09-05', 'Krishna Paksha Tritiya', 1),
(633, '2020-09-06', 'Krishna Paksha Chaturthi', 1),
(634, '2020-09-07', 'Krishna Paksha Panchami', 1),
(635, '2020-09-08', 'Krishna Paksha Shashti', 1),
(636, '2020-09-09', 'Krishna Paksha Saptami', 1),
(637, '2020-09-10', 'Krishna Paksha Ashtmi', 1),
(638, '2020-09-11', 'Krishna Paksha Navmi', 1),
(639, '2020-09-12', 'Krishna Paksha Dashmi', 1),
(640, '2020-09-13', 'Krishna Paksha Ekadashi', 1),
(641, '2020-09-14', 'Krishna Paksha Dwadashi', 1),
(642, '2020-09-15', 'Krishna Paksha Trayodashi', 1),
(643, '2020-09-16', 'Krishna Paksha Chaturdashi', 1),
(644, '2020-09-17', 'Amavasya', 1),
(645, '2020-09-18', 'Shukla Paksha Pratipada', 1),
(646, '2020-09-19', 'Shukla Paksha Dwitiya', 1),
(647, '2020-09-20', 'Shukla Paksha Tritiya / Chaturthi', 2),
(648, '2020-09-21', 'Shukla Paksha Panchami', 1),
(649, '2020-09-22', 'Shukla Paksha Shashti', 1),
(650, '2020-09-23', 'Shukla Paksha Saptami', 1),
(651, '2020-09-24', 'Shukla Paksha Ashtmi', 1),
(652, '2020-09-25', 'Shukla Paksha Navmi', 1),
(653, '2020-09-26', 'Shukla Paksha Dashmi', 1),
(654, '2020-09-27', 'Shukla Paksha Ekadashi', 1),
(655, '2020-09-28', 'Shukla Paksha Dwadashi', 1),
(656, '2020-09-29', 'Shukla Paksha Trayodashi', 1),
(657, '2020-09-30', 'Shukla Paksha Chaturdashi', 1),
(658, '2020-10-01', 'Purnima', 1),
(659, '2020-10-02', 'Krishna Paksha Pratipada', 1),
(660, '2020-10-03', 'Krishna Paksha Dwitiya', 1),
(661, '2020-10-04', 'Krishna Paksha Dwitiya', 1),
(662, '2020-10-05', 'Krishna Paksha Tritiya', 1),
(663, '2020-10-06', 'Krishna Paksha Chaturthi', 1),
(664, '2020-10-07', 'Krishna Paksha Panchami', 1),
(665, '2020-10-08', 'Krishna Paksha Shashti', 1),
(666, '2020-10-09', 'Krishna Paksha Saptami', 1),
(667, '2020-10-10', 'Krishna Paksha Ashtmi', 1),
(668, '2020-10-11', 'Krishna Paksha Navmi', 1),
(669, '2020-10-12', 'Krishna Paksha Dashmi', 1),
(670, '2020-10-13', 'Krishna Paksha Ekadashi', 1),
(671, '2020-10-14', 'Krishna Paksha Dwadashi', 1),
(672, '2020-10-15', 'Krishna Paksha Trayodashi / Chaturdashi', 2),
(673, '2020-10-16', 'Amavasya', 1),
(674, '2020-10-17', 'Shukla Paksha Pratipada', 1),
(675, '2020-10-18', 'Shukla Paksha Dwitiya', 1),
(676, '2020-10-19', 'Shukla Paksha Tritiya', 1),
(677, '2020-10-20', 'Shukla Paksha Chaturthi', 1),
(678, '2020-10-21', 'Shukla Paksha Panchami', 1),
(679, '2020-10-22', 'Shukla Paksha Shashti', 1),
(680, '2020-10-23', 'Shukla Paksha Saptami', 1),
(681, '2020-10-24', 'Shukla Paksha Ashtmi', 1),
(682, '2020-10-25', 'Shukla Paksha Navmi', 1),
(683, '2020-10-26', 'Shukla Paksha Dashmi', 1),
(684, '2020-10-27', 'Shukla Paksha Ekadashi', 1),
(685, '2020-10-28', 'Shukla Paksha Dwadashi', 1),
(686, '2020-10-29', 'Shukla Paksha Trayodashi', 1),
(687, '2020-10-30', 'Shukla Paksha Chaturdashi', 1),
(688, '2020-10-31', 'Purnima', 1),
(689, '2020-11-01', 'Krishna Paksha Pratipada', 1),
(690, '2020-11-02', 'Krishna Paksha Dwitiya', 1),
(691, '2020-11-03', 'Krishna Paksha Tritiya', 1),
(692, '2020-11-04', 'Krishna Paksha Chaturthi', 1),
(693, '2020-11-05', 'Krishna Paksha Panchami', 1),
(694, '2020-11-06', 'Krishna Paksha Panchami', 1),
(695, '2020-11-07', 'Krishna Paksha Shashti', 1),
(696, '2020-11-08', 'Krishna Paksha Saptami', 1),
(697, '2020-11-09', 'Krishna Paksha Ashtmi / Navmi', 2),
(698, '2020-11-10', 'Krishna Paksha Dashmi', 1),
(699, '2020-11-11', 'Krishna Paksha Ekadashi', 1),
(700, '2020-11-12', 'Krishna Paksha Dwadashi', 1),
(701, '2020-11-13', 'Krishna Paksha Trayodashi ', 1),
(702, '2020-11-14', 'Krishna Paksha Chaturdashi ', 1),
(703, '2020-11-15', 'Krishna Paksha Amavasya ', 1),
(704, '2020-11-16', 'Shukla Paksha Pratipada / Dwitiya', 2),
(705, '2020-11-17', 'Shukla Paksha  Tritiya', 1),
(706, '2020-11-18', 'Shukla Paksha  Chaturthi', 1),
(707, '2020-11-19', 'Shukla Paksha  Panchami', 1),
(708, '2020-11-20', 'Shukla Paksha  Shashti', 1),
(709, '2020-11-21', 'Shukla Paksha  Saptami', 1),
(710, '2020-11-22', 'Shukla Paksha Ashtmi', 1),
(711, '2020-11-23', 'Shukla Paksha Navmi', 1),
(712, '2020-11-24', 'Shukla Paksha Dashmi', 1),
(713, '2020-11-25', 'Shukla Paksha Ekadashi', 1),
(714, '2020-11-26', 'Shukla Paksha Dwadashi', 1),
(715, '2020-11-27', 'Shukla Paksha Dwadashi', 1),
(716, '2020-11-28', 'Shukla Paksha Trayodashi', 1),
(717, '2020-11-29', 'Shukla Paksha Chaturdashi', 1),
(718, '2020-11-30', 'Purnima', 1),
(719, '2020-12-01', 'Krishna Paksha Pratipada', 1),
(720, '2020-12-02', 'Krishna Paksha Dwitiya', 1),
(721, '2020-12-03', 'Krishna Paksha Tritiya', 1),
(722, '2020-12-04', 'Krishna Paksha Chaturthi', 1),
(723, '2020-12-05', 'Krishna Paksha Panchami', 1),
(724, '2020-12-06', 'Krishna Paksha Shashti', 1),
(725, '2020-12-07', 'Krishna Paksha  Saptami', 1),
(726, '2020-12-08', 'Krishna Paksha  Ashtmi', 1),
(727, '2020-12-09', 'Krishna Paksha  Navmi', 1),
(728, '2020-12-10', 'Krishna Paksha  Dashmi', 1),
(729, '2020-12-11', 'Krishna Paksha  Ekadashi', 1),
(730, '2020-12-12', 'Krishna Paksha  Dwadashi /Trayodashi ', 2),
(731, '2020-12-13', 'Krishna Paksha Chaturdashi ', 1),
(732, '2020-12-14', 'Amavasya', 1),
(733, '2020-12-15', 'Shukla Paksha Pratipada', 1),
(734, '2020-12-16', 'Shukla Paksha Dwitiya', 1),
(735, '2020-12-17', 'Shukla Paksha  Tritiya', 1),
(736, '2020-12-18', 'Shukla Paksha  Chaturthi', 1),
(737, '2020-12-19', 'Shukla Paksha   Panchami', 1),
(738, '2020-12-20', 'Shukla Paksha  Shashti', 1),
(739, '2020-12-21', 'Shukla Paksha   Saptami', 1),
(740, '2020-12-22', 'Shukla Paksha  Ashtmi', 1),
(741, '2020-12-23', 'Shukla Paksha  Navmi', 1),
(742, '2020-12-24', 'Shukla Paksha  Dashmi', 1),
(743, '2020-12-25', 'Shukla Paksha Ekadashi', 1),
(744, '2020-12-26', 'Shukla Paksha Dwadashi', 1),
(745, '2020-12-27', 'Shukla Paksha Trayodashi', 1),
(746, '2020-12-28', 'Shukla Paksha Trayodashi', 1),
(747, '2020-12-29', 'Shukla Paksha Chaturdashi', 1),
(748, '2020-12-30', 'Purnima', 1),
(749, '2020-12-31', 'Krishna Paksha Pratipada', 1),
(750, '2017-01-01', 'Shukla Paksha  Tritiya', 1),
(751, '2017-01-02', 'Shukla Paksha  Chaturthi', 1),
(752, '2017-01-03', 'Shukla Paksha  Panchami', 1),
(753, '2017-01-04', 'Shukla Paksha  Shashti', 1),
(754, '2017-01-05', 'Shukla Paksha  Saptami', 1),
(755, '2017-01-06', 'Shukla Paksha  Ashtmi / Navmi', 2),
(756, '2017-01-07', 'Shukla Paksha  Dashmi', 1),
(757, '2017-01-08', 'Shukla Paksha   Ekadashi', 1),
(758, '2017-01-09', 'Shukla Paksha  Dwadashi', 1),
(759, '2017-01-10', 'Shukla Paksha Trayodashi', 1),
(760, '2017-01-11', 'Shukla Paksha Chaturdashi', 1),
(761, '2017-01-12', 'Purnima', 1),
(762, '2017-01-13', 'Krishna Paksha Pratipada', 1),
(763, '2017-01-14', 'Krishna Paksha Dwitiya', 1),
(764, '2017-01-15', 'Krishna Paksha Tritiya', 1),
(765, '2017-01-16', 'Krishna Paksha Chaturthi', 1),
(766, '2017-01-17', 'Krishna Paksha Panchami', 1),
(767, '2017-01-18', 'Krishna Paksha Shashti', 1),
(768, '2017-01-19', 'Krishna Paksha Saptami', 1),
(769, '2017-01-20', 'Krishna Paksha Ashtmi', 1),
(770, '2017-01-21', 'Krishna Paksha Navmi', 1),
(771, '2017-01-22', 'Krishna Paksha Dashmi', 1),
(772, '2017-01-23', 'Krishna Paksha  Ekadashi', 1),
(773, '2017-01-24', 'Krishna Paksha  Dwadashi', 1),
(774, '2017-01-25', 'Krishna Paksha Trayodashi', 1),
(775, '2017-01-26', 'Krishna Paksha Chaturdashi', 1),
(776, '2017-01-27', 'Amavasya', 1),
(777, '2017-01-28', 'Shukla Paksha Pratipada', 1),
(778, '2017-01-29', 'Shukla Paksha Dwitiya', 1),
(779, '2017-01-30', 'Shukla Paksha Tritiya', 1),
(780, '2017-01-31', 'Shukla Paksha Chaturthi', 1),
(781, '2017-02-01', 'Shukla Paksha Panchami', 1),
(782, '2017-02-02', 'Shukla Paksha Shashti', 1),
(783, '2017-02-03', 'Shukla Paksha Saptami', 1),
(784, '2017-02-04', 'Shukla Paksha Ashtmi', 1),
(785, '2017-02-05', 'Shukla Paksha Navmi', 1),
(786, '2017-02-06', 'Shukla Paksha Dashmi', 1),
(787, '2017-02-07', 'Shukla Paksha Ekadashi', 1),
(788, '2017-02-08', 'Shukla Paksha Dwadashi', 1),
(789, '2017-02-09', 'Shukla Paksha Trayodashi', 1),
(790, '2017-02-10', 'Shukla Paksha Chaturdashi / Purnima', 2),
(791, '2017-02-11', 'Krishna Paksha Pratipada', 1),
(792, '2017-02-12', 'Krishna Paksha Dwitiya', 1),
(793, '2017-02-14', 'Krishna Paksha Chaturthi', 1),
(794, '2017-02-15', 'Krishna Paksha Panchami', 1),
(795, '2017-02-16', 'Krishna Paksha Panchami', 1),
(796, '2017-02-17', 'Krishna Paksha Shashti', 1),
(797, '2017-02-18', 'Krishna Paksha Saptami', 1),
(798, '2017-02-19', 'Krishna Paksha Ashtmi', 1),
(799, '2017-02-20', 'Krishna Paksha Navmi', 1),
(800, '2017-02-21', 'Krishna Paksha Dashmi', 1),
(801, '2017-02-22', 'Krishna Paksha Ekadashi', 1),
(802, '2017-02-23', 'Krishna Paksha Dwadashi', 1),
(803, '2017-02-24', 'Krishna Paksha Trayodashi', 1),
(804, '2017-02-25', 'Krishna Paksha Chaturdashi', 1),
(805, '2017-02-26', 'Amavasya', 1),
(806, '2017-02-27', 'Shukla Paksha Pratipada', 1),
(807, '2017-02-28', 'Shukla Paksha Dwitiya', 1),
(810, '2017-03-01', '', 1),
(811, '2017-03-02', '', 1),
(812, '2017-03-03', '', 1),
(813, '2017-03-04', '', 1),
(814, '2017-03-05', '', 1),
(815, '2017-03-06', '', 1),
(816, '2017-03-07', '', 1),
(817, '2017-03-08', '', 1),
(818, '2017-03-09', '', 1),
(819, '2017-03-10', '', 1),
(820, '2017-03-11', '', 1),
(821, '2017-03-12', '', 1),
(822, '2017-03-13', '', 1),
(823, '2017-03-14', '', 1),
(824, '2017-03-15', '', 1),
(825, '2017-03-16', '', 1),
(826, '2017-03-17', '', 1),
(827, '2017-03-18', '', 1),
(828, '2017-03-19', '', 1),
(829, '2017-03-20', '', 1),
(830, '2017-03-21', '', 1),
(831, '2017-03-22', '', 1),
(832, '2017-03-23', '', 1),
(833, '2017-03-24', '', 1),
(834, '2017-03-25', '', 1),
(835, '2017-03-26', '', 1),
(836, '2017-03-27', '', 1),
(837, '2017-03-28', '', 1),
(838, '2017-03-29', '', 1),
(839, '2017-03-30', '', 1),
(840, '2017-03-31', '', 1),
(841, '2017-04-01', 'Shukla Paksha Panchami', 1),
(842, '2017-04-02', 'Shukla Paksha Shashti', 1),
(843, '2017-04-03', 'Shukla Paksha Saptami', 1),
(844, '2017-04-04', 'Shukla Paksha Ashtmi', 1),
(845, '2017-04-05', 'Shukla Paksha Navmi', 1),
(846, '2017-04-06', 'Shukla Paksha Dashmi', 1),
(847, '2017-04-07', 'Shukla Paksha Ekadashi', 1),
(848, '2017-04-08', 'Shukla Paksha Dwadashi', 1),
(849, '2017-04-09', 'Shukla Paksha Trayodashi', 1),
(850, '2017-04-10', 'Shukla Paksha Chaturdashi', 1),
(851, '2017-04-11', 'Purnima', 1),
(852, '2017-04-12', 'Krishna Paksha Pratipada', 1),
(853, '2017-04-13', 'Krishna Paksha Dwitiya', 1),
(854, '2017-04-14', 'Krishna Paksha Tritiya', 1),
(855, '2017-04-15', 'Krishna Paksha Chaturthi', 1),
(856, '2017-04-16', 'Krishna Paksha Panchami', 1),
(857, '2017-04-17', 'Krishna Paksha Shashti', 1),
(858, '2017-04-18', 'Krishna Paksha Saptami', 1),
(859, '2017-04-19', 'Krishna Paksha Ashtmi', 1),
(860, '2017-04-20', 'Krishna Paksha Navmi', 1),
(861, '2017-04-21', 'Krishna Paksha Dashmi', 1),
(862, '2017-04-22', 'Krishna Paksha Ekadashi', 1),
(863, '2017-04-23', 'Krishna Paksha Dwadashi', 1),
(864, '2017-04-24', 'Krishna Paksha Trayodashi', 1),
(865, '2017-04-25', 'Krishna Paksha Chaturdashi', 1),
(866, '2017-04-26', 'Amavasya', 1),
(867, '2017-04-27', 'Shukla Paksha Pratipada', 1),
(868, '2017-04-28', 'Shukla Paksha Dwitiya', 1),
(869, '2017-04-29', 'Shukla Paksha Tritiya', 1),
(870, '2017-04-30', 'Shukla Paksha Chaturthi', 1),
(871, '2017-05-01', 'Shukla Paksha Panchami / Shashti', 2),
(872, '2017-05-02', 'Shukla Paksha Saptami', 1),
(873, '2017-05-03', 'Shukla Paksha Ashtmi', 1),
(874, '2017-05-04', 'Shukla Paksha Navmi', 1),
(875, '2017-05-05', 'Shukla Paksha Dashmi', 1),
(876, '2017-05-06', 'Shukla Paksha Ekadashi', 1),
(877, '2017-05-07', 'Shukla Paksha Dwadashi', 1),
(878, '2017-05-08', 'Shukla Paksha Trayodashi', 1),
(879, '2017-05-09', 'Shukla Paksha Chaturdashi', 1),
(880, '2017-05-10', 'Purnima', 1),
(881, '2017-05-11', 'Krishna Paksha Pratipada', 1),
(882, '2017-05-12', 'Krishna Paksha Dwitiya', 1),
(883, '2017-05-13', 'Krishna Paksha Dwitiya', 1),
(884, '2017-05-14', 'Krishna Paksha Tritiya', 1),
(885, '2017-05-15', 'Krishna Paksha Chaturthi', 1),
(886, '2017-05-16', 'Krishna Paksha Panchami', 1),
(887, '2017-05-17', 'Krishna Paksha Shashti', 1),
(888, '2017-05-18', 'Krishna Paksha Saptami', 1),
(889, '2017-05-19', 'Krishna Paksha Ashtmi', 1),
(890, '2017-05-20', 'Krishna Paksha Navmi', 1),
(891, '2017-05-21', 'Krishna Paksha Dashmi', 1),
(892, '2017-05-22', 'Krishna Paksha Ekadashi', 1),
(893, '2017-05-23', 'Krishna Paksha Dwadashi', 1),
(894, '2017-05-24', 'Krishna Paksha Trayodashi / Chaturdashi', 2),
(895, '2017-05-25', 'Amavasya', 1),
(896, '2017-05-26', 'Shukla Paksha Pratipada', 1),
(897, '2017-05-27', 'Shukla Paksha Dwitiya', 1),
(898, '2017-05-28', 'Shukla Paksha Tritiya', 1),
(899, '2017-05-29', 'Shukla Paksha Chaturthi', 1),
(900, '2017-05-30', 'Shukla Paksha Panchami', 1),
(901, '2017-05-31', 'Shukla Paksha Shashti', 1),
(902, '2017-06-01', 'Shukla Paksha Saptami', 1),
(903, '2017-06-02', 'Shukla Paksha Ashtmi', 1),
(904, '2017-06-03', 'Shukla Paksha Navmi', 1),
(905, '2017-06-04', 'Shukla Paksha Dashmi', 1),
(906, '2017-06-05', 'Shukla Paksha Ekadashi', 1),
(907, '2017-06-06', 'Shukla Paksha Dwadashi', 1),
(908, '2017-06-07', 'Shukla Paksha Trayodashi', 1),
(909, '2017-06-08', 'Shukla Paksha Chaturdashi', 1),
(910, '2017-06-09', 'Purnima', 1),
(911, '2017-06-10', 'Krishna Paksha Pratipada', 1),
(912, '2017-06-11', 'Krishna Paksha Dwitiya', 1),
(913, '2017-06-12', 'Krishna Paksha Tritiya', 1),
(914, '2017-06-13', 'Krishna Paksha Chaturthi', 1),
(915, '2017-06-14', 'Krishna Paksha Panchami', 1),
(916, '2017-06-15', 'Krishna Paksha Shashti', 1),
(917, '2017-06-16', 'Krishna Paksha Saptami', 1),
(918, '2017-06-17', 'Krishna Paksha Ashtmi', 1),
(919, '2017-06-18', 'Krishna Paksha Navmi', 1),
(920, '2017-06-19', 'Krishna Paksha Dashmi', 1),
(921, '2017-06-20', 'Krishna Paksha Ekadashi', 1),
(922, '2017-06-21', 'Krishna Paksha Dwadashi', 1),
(923, '2017-06-22', 'Krishna Paksha Trayodashi', 1),
(924, '2017-06-23', 'Krishna Paksha Chaturdashi', 1),
(925, '2017-06-24', 'Amavasya', 1),
(926, '2017-06-25', 'Shukla Paksha Pratipada /  Dwitiya', 2),
(927, '2017-06-26', 'Shukla Paksha Tritiya', 1),
(928, '2017-06-27', 'Shukla Paksha Chaturthi', 1),
(929, '2017-06-28', 'Shukla Paksha Panchami', 1),
(930, '2017-06-29', 'Shukla Paksha Shashti', 1),
(931, '2017-06-30', 'Shukla Paksha Saptami', 1),
(932, '2017-07-01', 'Shukla Paksha Ashtmi', 1),
(933, '2017-07-02', 'Shukla Paksha Navmi', 1),
(934, '2017-07-03', 'Shukla Paksha Dashmi', 1),
(935, '2017-07-04', 'Shukla Paksha Ekadashi', 1),
(936, '2017-07-05', 'Shukla Paksha Dwadashi', 1),
(937, '2017-07-06', 'Shukla Paksha Trayodashi', 1),
(938, '2017-07-07', 'Shukla Paksha Chaturdashi', 1),
(939, '2017-07-08', 'Shukla Paksha Chaturdashi', 1),
(940, '2017-07-09', 'Purnima', 1),
(941, '2017-07-10', 'Krishna Paksha Pratipada', 1),
(942, '2017-07-11', 'Krishna Paksha Dwitiya', 1),
(943, '2017-07-12', 'Krishna Paksha Tritiya', 1),
(944, '2017-07-13', 'Krishna Paksha Chaturthi', 1),
(945, '2017-07-14', 'Krishna Paksha Panchami', 1),
(946, '2017-07-15', 'Krishna Paksha Shashti', 1),
(947, '2017-07-16', 'Krishna Paksha Saptami', 1),
(948, '2017-07-17', 'Krishna Paksha Ashtmi', 1),
(949, '2017-07-18', 'Krishna Paksha Navmi / Dashmi', 2),
(950, '2017-07-19', 'Krishna Paksha Ekadashi', 1),
(951, '2017-07-20', 'Krishna Paksha Dwadashi', 1),
(952, '2017-07-21', 'Krishna Paksha Trayodashi', 1),
(953, '2017-07-22', 'Krishna Paksha Chaturdashi', 1),
(954, '2017-07-23', 'Amavasya', 1),
(955, '2017-07-24', 'Shukla Paksha Pratipada', 1),
(956, '2017-07-25', 'Shukla Paksha Dwitiya', 1),
(957, '2017-07-26', 'Shukla Paksha Tritiya', 1),
(958, '2017-07-27', 'Shukla Paksha Chaturthi', 1),
(959, '2017-07-28', 'Shukla Paksha Panchami', 1),
(960, '2017-07-29', 'Shukla Paksha Shashti', 1),
(961, '2017-07-30', 'Shukla Paksha Saptami', 1),
(962, '2017-07-31', 'Shukla Paksha Ashtmi', 1),
(963, '2017-08-01', 'Shukla Paksha Navmi', 1),
(964, '2017-08-02', 'Shukla Paksha Dashmi', 1),
(965, '2017-08-03', 'Shukla Paksha Ekadashi', 1),
(966, '2017-08-04', 'Shukla Paksha Dwadashi', 1),
(967, '2017-08-05', 'Shukla Paksha Trayodashi', 1),
(968, '2017-08-06', 'Shukla Paksha Chaturdashi', 1),
(969, '2017-08-07', 'Purnima', 1),
(970, '2017-08-08', 'Krishna Paksha Pratipada', 1),
(971, '2017-08-09', 'Krishna Paksha Dwitiya', 1),
(972, '2017-08-10', 'Krishna Paksha Tritiya', 1),
(973, '2017-08-11', 'Krishna Paksha Chaturthi', 1),
(974, '2017-08-12', 'Krishna Paksha Panchami', 1),
(975, '2017-08-13', 'Krishna Paksha Shashti', 1),
(976, '2017-08-14', 'Krishna Paksha Saptami', 1),
(977, '2017-08-15', 'Krishna Paksha Ashtmi', 1),
(978, '2017-08-16', 'Krishna Paksha Navmi', 1),
(979, '2017-08-17', 'Krishna Paksha Dashmi', 1),
(980, '2017-08-18', 'Krishna Paksha Ekadashi', 1),
(981, '2017-08-19', 'Krishna Paksha Dwadashi / Trayodashi', 2),
(982, '2017-08-20', 'Krishna Paksha Chaturdashi', 1),
(983, '2017-08-21', 'Amavasya', 1),
(984, '2017-08-22', 'Shukla Paksha Pratipada', 1),
(985, '2017-08-23', 'Shukla Paksha Dwitiya', 1),
(986, '2017-08-24', 'Shukla Paksha Tritiya', 1),
(987, '2017-08-25', 'Shukla Paksha Chaturthi', 1),
(988, '2017-08-26', 'Shukla Paksha Panchami', 1),
(989, '2017-08-27', 'Shukla Paksha Shashti', 1),
(990, '2017-08-28', 'Shukla Paksha Saptami', 1),
(991, '2017-08-29', 'Shukla Paksha Ashtmi', 1),
(992, '2017-08-30', 'Shukla Paksha Navmi', 1),
(993, '2017-08-31', 'Shukla Paksha Dashmi', 1),
(994, '2017-09-01', 'Shukla Paksha Dashmi', 1),
(995, '2017-09-02', 'Shukla Paksha Ekadashi', 1),
(996, '2017-09-03', 'Shukla Paksha Dwadashi', 1),
(997, '2017-09-04', 'Shukla Paksha Trayodashi', 1),
(998, '2017-09-05', 'Shukla Paksha Chaturdashi', 1),
(999, '2017-09-06', 'Purnima', 1),
(1000, '2017-09-07', 'Krishna Paksha Pratipada', 1),
(1001, '2017-09-08', 'Krishna Paksha Dwitiya', 1),
(1002, '2017-09-09', 'Krishna Paksha Tritiya', 1),
(1003, '2017-09-10', 'Krishna Paksha Chaturthi', 1),
(1004, '2017-09-11', 'Krishna Paksha Panchami / Shashti', 2),
(1005, '2017-09-12', 'Krishna Paksha Saptami', 1),
(1006, '2017-09-13', 'Krishna Paksha Ashtmi', 1),
(1007, '2017-09-14', 'Krishna Paksha Navmi', 1),
(1008, '2017-09-15', 'Krishna Paksha Dashmi', 1),
(1009, '2017-09-16', 'Krishna Paksha Ekadashi', 1),
(1010, '2017-09-17', 'Krishna Paksha Dwadashi', 1),
(1011, '2017-09-18', 'Krishna Paksha Trayodashi', 1),
(1012, '2017-09-19', 'Krishna Paksha Chaturdashi', 1),
(1013, '2017-09-20', 'Amavasya', 1),
(1014, '2017-09-21', 'Shukla Paksha Pratipada', 1),
(1015, '2017-09-22', 'Shukla Paksha Dwitiya', 1),
(1016, '2017-09-23', 'Shukla Paksha Tritiya', 1),
(1017, '2017-09-24', 'Shukla Paksha Chaturthi', 1),
(1018, '2017-09-25', 'Shukla Paksha Panchami', 1),
(1019, '2017-09-26', 'Shukla Paksha Shashti', 1),
(1020, '2017-09-27', 'Shukla Paksha Saptami', 1),
(1021, '2017-09-28', 'Shukla Paksha Ashtmi', 1),
(1022, '2017-09-29', 'Shukla Paksha Navmi', 1),
(1023, '2017-09-30', 'Shukla Paksha Dashmi', 1),
(1024, '2017-10-01', 'Shukla Paksha Ekadashi', 1),
(1025, '2017-10-02', 'Shukla Paksha Dwadashi', 1),
(1026, '2017-10-03', 'Shukla Paksha Trayodashi', 1),
(1027, '2017-10-04', 'Shukla Paksha Chaturdashi', 1),
(1028, '2017-10-05', 'Purnima', 1),
(1029, '2017-10-06', 'Krishna Paksha Pratipada', 1),
(1030, '2017-10-07', 'Krishna Paksha Dwitiya', 1),
(1031, '2017-10-08', 'Krishna Paksha Tritiya', 1),
(1032, '2017-10-09', 'Krishna Paksha Chaturthi', 1),
(1033, '2017-10-10', 'Krishna Paksha Panchami', 1),
(1034, '2017-10-11', 'Krishna Paksha Shashti', 1),
(1035, '2017-10-12', 'Krishna Paksha Saptami', 1),
(1036, '2017-10-13', 'Krishna Paksha Navmi / Ashtmi', 2),
(1037, '2017-10-14', 'Krishna Paksha Dashmi', 1),
(1038, '2017-10-15', 'Krishna Paksha Ekadashi', 1),
(1039, '2017-10-16', 'Krishna Paksha Dwadashi', 1),
(1040, '2017-10-17', 'Krishna Paksha Trayodashi', 1),
(1041, '2017-10-18', 'Krishna Paksha Chaturdashi', 1),
(1042, '2017-10-19', 'Amavasya', 1),
(1043, '2017-10-20', 'Shukla Paksha Pratipada', 1),
(1044, '2017-10-21', 'Shukla Paksha Dwitiya', 1),
(1045, '2017-10-22', 'Shukla Paksha Tritiya', 1),
(1046, '2017-10-23', 'Shukla Paksha Chaturthi', 1),
(1047, '2017-10-24', 'Shukla Paksha Panchami', 1),
(1048, '2017-10-25', 'Shukla Paksha Panchami', 1),
(1049, '2017-10-26', 'Shukla Paksha Shashti', 1),
(1050, '2017-10-27', 'Shukla Paksha Saptami', 1),
(1051, '2017-10-28', 'Shukla Paksha Ashtmi', 1),
(1052, '2017-10-29', 'Shukla Paksha Navmi', 1),
(1053, '2017-10-30', 'Shukla Paksha Dashmi', 1),
(1054, '2017-10-31', 'Shukla Paksha Ekadashi', 1),
(1055, '2017-11-01', 'Shukla Paksha Dwadashi', 1),
(1056, '2017-11-02', 'Shukla Paksha Trayodashi', 1),
(1057, '2017-11-03', 'Shukla Paksha Chaturdashi', 1),
(1058, '2017-11-04', 'Purnima', 1),
(1059, '2017-11-05', 'Krishna Paksha Pratipada', 1),
(1060, '2017-11-06', 'Krishna Paksha Dwitiya / Tritiya', 2),
(1061, '2017-11-07', 'Krishna Paksha Chaturthi', 1),
(1062, '2017-11-08', 'Krishna Paksha Panchami', 1),
(1063, '2017-11-09', 'Krishna Paksha Shashti', 1),
(1064, '2017-11-10', 'Krishna Paksha Saptami', 1),
(1065, '2017-11-11', 'Krishna Paksha Ashtmi', 1),
(1066, '2017-11-12', 'Krishna Paksha Navmi', 1),
(1067, '2017-11-13', 'Krishna Paksha Dashmi', 1),
(1068, '2017-11-14', 'Krishna Paksha Ekadashi', 1),
(1069, '2017-11-15', 'Krishna Paksha Dwadashi', 1),
(1070, '2017-11-16', 'Krishna Paksha Trayodashi', 1),
(1071, '2017-11-17', 'Krishna Paksha Chaturdashi', 1),
(1072, '2017-11-18', 'Amavasya', 1),
(1073, '2017-11-19', 'Shukla Paksha Pratipada', 1),
(1074, '2017-11-20', 'Shukla Paksha Dwitiya', 1),
(1075, '2017-11-21', 'Shukla Paksha Tritiya', 1),
(1076, '2017-11-22', 'Shukla Paksha Chaturthi', 1),
(1077, '2017-11-23', 'Shukla Paksha Panchami', 1),
(1078, '2017-11-24', 'Shukla Paksha Shashti', 1),
(1079, '2017-11-25', 'Shukla Paksha Saptami', 1),
(1080, '2017-11-26', 'Shukla Paksha Ashtmi', 1);
INSERT INTO `hindi_calendar` (`id`, `date`, `tithi_name`, `count`) VALUES
(1081, '2017-11-27', 'Shukla Paksha Navmi', 1),
(1082, '2017-11-28', 'Shukla Paksha Dashmi', 1),
(1083, '2017-11-29', 'Shukla Paksha Ekadashi', 1),
(1084, '2017-11-30', 'Shukla Paksha Dwadashi', 1),
(1085, '2017-12-01', 'Shukla Paksha Trayodashi', 1),
(1086, '2017-12-02', 'Shukla Paksha Chaturdashi', 1),
(1087, '2017-12-03', 'Purnima', 1),
(1088, '2017-12-04', 'Krishna Paksha Pratipada', 1),
(1089, '2017-12-05', 'Krishna Paksha Dwitiya', 1),
(1090, '2017-12-06', 'Krishna Paksha  Tritiya', 1),
(1091, '2017-12-07', 'Krishna Paksha  Chaturthi', 1),
(1092, '2017-12-08', 'Krishna Paksha  Panchami', 1),
(1093, '2017-12-09', 'Krishna Paksha  Shashti', 1),
(1094, '2017-12-10', 'Krishna Paksha  Saptami / Ashtmi', 2),
(1095, '2017-12-11', 'Krishna Paksha Navmi', 1),
(1096, '2017-12-12', 'Krishna Paksha Dashmi', 1),
(1097, '2017-12-13', 'Krishna Paksha Ekadashi', 1),
(1098, '2017-12-14', 'Krishna Paksha Dwadashi', 1),
(1099, '2017-12-15', 'Krishna Paksha Trayodashi', 1),
(1100, '2017-12-16', 'Krishna Paksha Trayodashi', 1),
(1101, '2017-12-17', 'Krishna Paksha Chaturdashi', 1),
(1102, '2017-12-18', 'Amavasya', 1),
(1103, '2017-12-19', 'Shukla Paksha Pratipada', 1),
(1104, '2017-12-20', 'Shukla Paksha Dwitiya ', 1),
(1105, '2017-12-21', 'Shukla Paksha Tritiya', 1),
(1106, '2017-12-22', 'Shukla Paksha Chaturthi', 1),
(1107, '2017-12-23', 'Shukla Paksha Panchami', 1),
(1108, '2017-12-24', 'Shukla Paksha Shashti', 1),
(1109, '2017-12-25', 'Shukla Paksha Saptami', 1),
(1110, '2017-12-26', 'Shukla Paksha Ashtmi', 1),
(1111, '2017-12-27', 'Shukla Paksha Navmi', 1),
(1112, '2017-12-28', 'Shukla Paksha Dashmi', 1),
(1113, '2017-12-29', 'Shukla Paksha Ekadashi', 1),
(1114, '2017-12-30', 'Shukla Paksha Dwadashi', 1),
(1115, '2017-12-31', 'Shukla Paksha Trayodashi', 1),
(1116, '2018-01-01', 'Shukla Paksha Chaturdashi', 1),
(1117, '2018-01-02', 'Purnima /  Krishna Paksha Pratipada', 2),
(1118, '2018-01-03', 'Krishna Paksha Dwitiya', 1),
(1119, '2018-01-04', 'Krishna Paksha Tritiya', 1),
(1120, '2018-01-05', 'Krishna Paksha Chaturthi', 1),
(1121, '2018-01-06', 'Krishna Paksha Panchami', 1),
(1122, '2018-01-07', 'Krishna Paksha Shashti', 1),
(1123, '2018-01-08', 'Krishna Paksha Saptami', 1),
(1124, '2018-01-09', 'Krishna Paksha Ashtmi', 1),
(1125, '2018-01-10', 'Krishna Paksha Navmi', 1),
(1126, '2018-01-11', 'Krishna Paksha Dashmi', 1),
(1127, '2018-01-12', 'Krishna Paksha Ekadashi', 1),
(1128, '2018-01-13', 'Krishna Paksha Dwadashi', 1),
(1129, '2018-01-14', 'Krishna Paksha Trayodashi', 1),
(1130, '2018-01-15', 'Krishna Paksha Chaturdashi', 1),
(1131, '2018-01-16', 'Amavasya', 1),
(1132, '2018-01-17', 'Amavasya', 1),
(1133, '2018-01-18', 'Shukla Paksha Pratipada', 1),
(1134, '2018-01-19', 'Shukla Paksha Dwitiya', 1),
(1135, '2018-01-20', 'Shukla Paksha Tritiya', 1),
(1136, '2018-01-21', 'Shukla Paksha Chaturthi', 1),
(1137, '2018-01-22', 'Shukla Paksha Panchami', 1),
(1138, '2018-01-23', 'Shukla Paksha Shashti', 1),
(1139, '2018-01-24', 'Shukla Paksha Saptami', 1),
(1140, '2018-01-25', 'Shukla Paksha Ashtmi', 1),
(1141, '2018-01-26', 'Shukla Paksha Navmi / Dashmi', 2),
(1142, '2018-01-27', 'Shukla Paksha Ekadashi', 1),
(1143, '2018-01-28', 'Shukla Paksha Dwadashi', 1),
(1144, '2018-01-29', 'Shukla Paksha Trayodashi', 1),
(1145, '2018-01-30', 'Shukla Paksha Chaturdashi', 1),
(1146, '2018-01-31', 'Purnima', 1),
(1147, '2018-02-01', 'Krishna Paksha Pratipada', 1),
(1148, '2018-02-02', 'Krishna Paksha Dwitiya', 1),
(1149, '2018-02-03', 'Krishna Paksha Tritiya', 1),
(1150, '2018-02-04', 'Krishna Paksha Chaturthi', 1),
(1151, '2018-02-05', 'Krishna Paksha Panchami', 1),
(1152, '2018-02-06', 'Krishna Paksha Shashti', 1),
(1153, '2018-02-07', 'Krishna Paksha Saptami', 1),
(1154, '2018-02-08', 'Krishna Paksha Ashtmi', 1),
(1155, '2018-02-09', 'Krishna Paksha Navmi', 1),
(1156, '2018-02-10', 'Krishna Paksha Dashmi', 1),
(1157, '2018-02-11', 'Krishna Paksha Ekadashi', 1),
(1158, '2018-02-12', 'Krishna Paksha Dwadashi', 1),
(1159, '2018-02-13', 'Krishna Paksha Trayodashi', 1),
(1160, '2018-02-14', 'Krishna Paksha Chaturdashi', 1),
(1161, '2018-02-15', 'Amavasya', 1),
(1162, '2018-02-16', 'Shukla Paksha Pratipada', 1),
(1163, '2018-02-17', 'Shukla Paksha Dwitiya', 1),
(1164, '2018-02-18', 'Shukla Paksha Tritiya', 1),
(1165, '2018-02-19', 'Shukla Paksha Chaturthi', 1),
(1166, '2018-02-20', 'Shukla Paksha Panchami', 1),
(1167, '2018-02-21', 'Shukla Paksha Shashti', 1),
(1168, '2018-02-22', 'Shukla Paksha Saptami', 1),
(1169, '2018-02-23', 'Shukla Paksha Ashtmi', 1),
(1170, '2018-02-24', 'Shukla Paksha Navmi', 1),
(1171, '2018-02-25', 'Shukla Paksha Dashmi', 1),
(1172, '2018-02-26', 'Shukla Paksha Ekadashi', 1),
(1173, '2018-02-27', 'Shukla Paksha Dwadashi', 1),
(1174, '2018-02-28', 'Shukla Paksha Trayodashi', 1),
(1175, '2018-03-01', 'Shukla Paksha Chaturdashi / Purnima', 2),
(1176, '2018-03-02', 'Krishna Paksha Pratipada', 1),
(1177, '2018-03-03', 'Krishna Paksha Dwitiya', 1),
(1178, '2018-03-04', 'Krishna Paksha Tritiya', 1),
(1179, '2018-03-05', 'Krishna Paksha Chaturthi', 1),
(1180, '2018-03-06', 'Krishna Paksha Panchami', 1),
(1181, '2018-03-07', 'Krishna Paksha Shashti', 1),
(1182, '2018-03-08', 'Krishna Paksha Saptami', 1),
(1183, '2018-03-09', 'Krishna Paksha Ashtmi', 1),
(1184, '2018-03-10', 'Krishna Paksha Ashtmi', 1),
(1185, '2018-03-11', 'Krishna Paksha Navmi', 1),
(1186, '2018-03-12', 'Krishna Paksha Dashmi', 1),
(1187, '2018-03-13', 'Krishna Paksha Ekadashi', 1),
(1188, '2018-03-14', 'Krishna Paksha Dwadashi', 1),
(1189, '2018-03-15', 'Krishna Paksha Trayodashi', 1),
(1190, '2018-03-16', 'Krishna Paksha Chaturdashi', 1),
(1191, '2018-03-17', 'Amavasya', 1),
(1192, '2018-03-18', 'Shukla Paksha Pratipada', 1),
(1193, '2018-03-19', 'Shukla Paksha Dwitiya', 1),
(1194, '2018-03-20', 'Shukla Paksha Tritiya', 1),
(1195, '2018-03-21', 'Shukla Paksha Chaturthi', 1),
(1196, '2018-03-22', 'Shukla Paksha Panchami', 1),
(1197, '2018-03-23', 'Shukla Paksha Shashti', 1),
(1198, '2018-03-24', 'Shukla Paksha Saptami', 1),
(1199, '2018-03-25', 'Shukla Paksha Ashtmi / Navmi', 2),
(1200, '2018-03-26', 'Shukla Paksha Dashmi', 1),
(1201, '2018-03-27', 'Shukla Paksha Ekadashi', 1),
(1202, '2018-03-28', 'Shukla Paksha Dwadashi', 1),
(1203, '2018-03-29', 'Shukla Paksha Trayodashi', 1),
(1204, '2018-03-30', 'Shukla Paksha Chaturdashi', 1),
(1205, '2018-03-31', 'Purnima', 1),
(1206, '2018-04-01', 'Krishna Paksha Pratipada', 1),
(1207, '2018-04-02', 'Krishna Paksha Dwitiya', 1),
(1208, '2018-04-03', 'Krishna Paksha Tritiya', 1),
(1209, '2018-04-04', 'Krishna Paksha Chaturthi', 1),
(1210, '2018-04-05', 'Krishna Paksha Panchami', 1),
(1211, '2018-04-06', 'Krishna Paksha Shashti', 1),
(1212, '2018-04-07', 'Krishna Paksha Saptami', 1),
(1213, '2018-04-08', 'Krishna Paksha Ashtmi', 1),
(1214, '2018-04-09', 'Krishna Paksha Navmi', 1),
(1215, '2018-04-10', 'Krishna Paksha Dashmi', 1),
(1216, '2018-04-11', 'Krishna Paksha Ekadashi', 1),
(1217, '2018-04-12', 'Krishna Paksha Ekadashi', 1),
(1218, '2018-04-13', 'Krishna Paksha Dwadashi', 1),
(1219, '2018-04-14', 'Krishna Paksha Trayodashi', 1),
(1220, '2018-04-15', 'Krishna Paksha Chaturdashi', 1),
(1221, '2018-04-16', 'Amavasya', 1),
(1222, '2018-04-17', 'Shukla Paksha Pratipada /Dwitiya', 2),
(1223, '2018-04-18', 'Shukla Paksha Tritiya', 1),
(1224, '2018-04-19', 'Shukla Paksha Chaturthi', 1),
(1225, '2018-04-20', 'Shukla Paksha Panchami', 1),
(1226, '2018-04-21', 'Shukla Paksha Shashti', 1),
(1227, '2018-04-22', 'Shukla Paksha Saptami', 1),
(1228, '2018-04-23', 'Shukla Paksha Ashtmi', 1),
(1229, '2018-04-24', 'Shukla Paksha Navmi', 1),
(1230, '2018-04-25', 'Shukla Paksha Dashmi', 1),
(1231, '2018-04-26', 'Shukla Paksha Ekadashi', 1),
(1232, '2018-04-27', 'Shukla Paksha Dwadashi', 1),
(1233, '2018-04-28', 'Shukla Paksha Trayodashi', 1),
(1234, '2018-04-29', 'Shukla Paksha Chaturdashi', 1),
(1235, '2018-04-30', 'Purnima', 1),
(1236, '2018-05-01', 'Krishna Paksha Pratipada', 1),
(1237, '2018-05-02', 'Krishna Paksha Dwitiya', 1),
(1238, '2018-05-03', 'Krishna Paksha Tritiya', 1),
(1239, '2018-05-04', 'Krishna Paksha Chaturthi', 1),
(1240, '2018-05-05', 'Krishna Paksha Panchami', 1),
(1241, '2018-05-06', 'Krishna Paksha Shashti', 1),
(1242, '2018-05-07', 'Krishna Paksha Saptami', 1),
(1243, '2018-05-08', 'Krishna Paksha Ashtmi', 1),
(1244, '2018-05-09', 'Krishna Paksha Navmi', 1),
(1245, '2018-05-10', 'Krishna Paksha Dashmi', 1),
(1246, '2018-05-11', 'Krishna Paksha Ekadashi', 1),
(1247, '2018-05-12', 'Krishna Paksha Dwadashi', 1),
(1248, '2018-05-13', 'Krishna Paksha Trayodashi', 1),
(1249, '2018-05-14', 'Krishna Paksha Chaturdashi', 1),
(1250, '2018-05-15', 'Amavasya', 1),
(1251, '2018-05-16', 'Shukla Paksha Pratipada', 1),
(1252, '2018-05-17', 'Shukla Paksha Dwitiya', 1),
(1253, '2018-05-18', 'Shukla Paksha Tritiya', 1),
(1254, '2018-05-19', 'Shukla Paksha Chaturthi', 1),
(1255, '2018-05-20', 'Shukla Paksha Panchami / Shashti', 2),
(1256, '2018-05-21', 'Shukla Paksha Saptami', 1),
(1257, '2018-05-22', 'Shukla Paksha Ashtmi', 1),
(1258, '2018-05-23', 'Shukla Paksha Navmi', 1),
(1259, '2018-05-24', 'Shukla Paksha Dashmi', 1),
(1260, '2018-05-25', 'Shukla Paksha Ekadashi', 1),
(1261, '2018-05-26', 'Shukla Paksha Dwadashi', 1),
(1262, '2018-05-27', 'Shukla Paksha Trayodashi', 1),
(1263, '2018-05-28', 'Shukla Paksha Chaturdashi', 1),
(1264, '2018-05-29', 'Purnima', 1),
(1265, '2018-05-30', 'Krishna Paksha Pratipada', 1),
(1266, '2018-05-31', 'Krishna Paksha Dwitiya', 1),
(1267, '2018-06-01', 'Krishna Paksha Tritiya', 1),
(1268, '2018-06-02', 'Krishna Paksha Chaturthi', 1),
(1269, '2018-06-03', 'Krishna Paksha Panchami', 1),
(1270, '2018-06-04', 'Krishna Paksha Shashti', 1),
(1271, '2018-06-05', 'Krishna Paksha Shashti', 1),
(1272, '2018-06-06', 'Krishna Paksha Saptami', 1),
(1273, '2018-06-07', 'Krishna Paksha Ashtmi', 1),
(1274, '2018-06-08', 'Krishna Paksha Navmi', 1),
(1275, '2018-06-09', 'Krishna Paksha Dashmi', 1),
(1276, '2018-06-10', 'Krishna Paksha Ekadashi', 1),
(1277, '2018-06-11', 'Krishna Paksha Dwadashi', 1),
(1278, '2018-06-12', 'Krishna Paksha Trayodashi / Chaturdashi', 2),
(1279, '2018-06-13', 'Amavasya', 1),
(1280, '2018-06-14', 'Shukla Paksha Pratipada', 1),
(1281, '2018-06-15', 'Shukla Paksha Dwitiya', 1),
(1282, '2018-06-16', 'Shukla Paksha Tritiya', 1),
(1283, '2018-06-17', 'Shukla Paksha Chaturthi', 1),
(1284, '2018-06-18', 'Shukla Paksha Panchami', 1),
(1285, '2018-06-19', 'Shukla Paksha Shashti', 1),
(1286, '2018-06-20', 'Shukla Paksha Saptami', 1),
(1287, '2018-06-21', 'Shukla Paksha Ashtmi', 1),
(1288, '2018-06-22', 'Shukla Paksha Navmi', 1),
(1289, '2018-06-23', 'Shukla Paksha Dashmi', 1),
(1290, '2018-06-24', 'Shukla Paksha Ekadashi', 1),
(1291, '2018-06-25', 'Shukla Paksha Dwadashi', 1),
(1292, '2018-06-26', 'Shukla Paksha Trayodashi', 1),
(1293, '2018-06-27', 'Shukla Paksha Chaturdashi', 1),
(1294, '2018-06-28', 'Purnima', 1),
(1295, '2018-06-29', 'Krishna Paksha Pratipada', 1),
(1296, '2018-06-30', 'Krishna Paksha Dwitiya', 1),
(1297, '2018-07-01', 'Krishna Paksha Tritiya', 1),
(1298, '2018-07-02', 'Krishna Paksha Chaturthi', 1),
(1299, '2018-07-03', 'Krishna Paksha Panchami', 1),
(1300, '2018-07-04', 'Krishna Paksha Shashti', 1),
(1301, '2018-07-05', 'Krishna Paksha Saptami', 1),
(1302, '2018-07-06', 'Krishna Paksha Ashtmi', 1),
(1303, '2018-07-07', 'Krishna Paksha Navmi', 1),
(1304, '2018-07-08', 'Krishna Paksha Dashmi', 1),
(1305, '2018-07-09', 'Krishna Paksha Ekadashi', 1),
(1306, '2018-07-10', 'Krishna Paksha Dwadashi', 1),
(1307, '2018-07-11', 'Krishna Paksha Trayodashi', 1),
(1308, '2018-07-12', 'Krishna Paksha Chaturdashi', 1),
(1309, '2018-07-13', 'Amavasya', 1),
(1310, '2018-07-14', 'Shukla Paksha Pratipada / Dwitiya', 2),
(1311, '2018-07-15', 'Shukla Paksha Tritiya', 1),
(1312, '2018-07-16', 'Shukla Paksha Chaturthi', 1),
(1313, '2018-07-17', 'Shukla Paksha Panchami', 1),
(1314, '2018-07-18', 'Shukla Paksha Shashti', 1),
(1315, '2018-07-19', 'Shukla Paksha Saptami', 1),
(1316, '2018-07-20', 'Shukla Paksha Ashtmi', 1),
(1317, '2018-07-21', 'Shukla Paksha Navmi', 1),
(1318, '2018-07-22', 'Shukla Paksha Dashmi', 1),
(1319, '2018-07-23', 'Shukla Paksha Ekadashi', 1),
(1320, '2018-07-24', 'Shukla Paksha Dwadashi', 1),
(1321, '2018-07-25', 'Shukla Paksha Trayodashi', 1),
(1322, '2018-07-26', 'Shukla Paksha Chaturdashi', 1),
(1323, '2018-07-27', 'Purnima', 1),
(1324, '2018-07-28', 'Krishna Paksha Pratipada', 1),
(1325, '2018-07-29', 'Krishna Paksha Dwitiya', 1),
(1326, '2018-07-30', 'Krishna Paksha Tritiya', 1),
(1327, '2018-07-31', 'Krishna Paksha Tritiya', 1),
(1328, '2018-08-01', 'Krishna Paksha Chaturthi', 1),
(1329, '2018-08-02', 'Krishna Paksha Panchami', 1),
(1330, '2018-08-03', 'Krishna Paksha Shashti', 1),
(1331, '2018-08-04', 'Krishna Paksha Saptami', 1),
(1332, '2018-08-05', 'Krishna Paksha Ashtmi / Navmi', 2),
(1333, '2018-08-06', 'Krishna Paksha Dashmi', 1),
(1334, '2018-08-07', 'Krishna Paksha Ekadashi', 1),
(1335, '2018-08-08', 'Krishna Paksha Dwadashi', 1),
(1336, '2018-08-09', 'Krishna Paksha Trayodashi', 1),
(1337, '2018-08-10', 'Krishna Paksha Chaturdashi', 1),
(1338, '2018-08-11', 'Amavasya', 1),
(1339, '2018-08-12', 'Shukla Paksha Pratipada', 1),
(1340, '2018-08-13', 'Shukla Paksha Dwitiya', 1),
(1341, '2018-08-14', 'Shukla Paksha Tritiya', 1),
(1342, '2018-08-15', 'Shukla Paksha Chaturthi', 1),
(1343, '2018-08-16', 'Shukla Paksha Panchami / Shashti', 2),
(1344, '2018-08-17', 'Shukla Paksha Saptami', 1),
(1345, '2018-08-18', 'Shukla Paksha Ashtmi', 1),
(1346, '2018-08-19', 'Shukla Paksha Navmi', 1),
(1347, '2018-08-20', 'Shukla Paksha Navmi', 1),
(1348, '2018-08-21', 'Shukla Paksha Dashmi', 1),
(1349, '2018-08-22', 'Shukla Paksha Ekadashi', 1),
(1350, '2018-08-23', 'Shukla Paksha Dwadashi', 1),
(1351, '2018-08-24', 'Shukla Paksha Trayodashi', 1),
(1352, '2018-08-25', 'Shukla Paksha Chaturdashi', 1),
(1353, '2018-08-26', 'Purnima', 1),
(1354, '2018-08-27', 'Krishna Paksha Pratipada', 1),
(1355, '2018-08-28', 'Krishna Paksha Dwitiya', 1),
(1356, '2018-08-29', 'Krishna Paksha Tritiya', 1),
(1357, '2018-08-30', 'Krishna Paksha Chaturthi', 1),
(1358, '2018-08-31', 'Krishna Paksha Panchami', 1),
(1359, '2018-09-01', 'Krishna Paksha Shashti', 1),
(1360, '2018-09-02', 'Krishna Paksha Saptami', 1),
(1361, '2018-09-03', 'Krishna Paksha Ashtmi', 1),
(1362, '2018-09-04', 'Krishna Paksha Navmi', 1),
(1363, '2018-09-05', 'Krishna Paksha Dashmi', 1),
(1364, '2018-09-06', 'Krishna Paksha Ekadashi / ', 1),
(1365, '2018-09-07', 'Krishna Paksha Dwadashi /  Trayodashi', 2),
(1366, '2018-09-08', 'Krishna Paksha Chaturdashi', 1),
(1367, '2018-09-09', 'Amavasya', 1),
(1368, '2018-09-10', 'Shukla Paksha Pratipada', 1),
(1369, '2018-09-11', 'Shukla Paksha Dwitiya', 1),
(1370, '2018-09-12', 'Shukla Paksha Tritiya', 1),
(1371, '2018-09-13', 'Shukla Paksha Chaturthi', 1),
(1372, '2018-09-14', 'Shukla Paksha Panchami', 1),
(1373, '2018-09-15', 'Shukla Paksha Shashti', 1),
(1374, '2018-09-16', 'Shukla Paksha Saptami', 1),
(1375, '2018-09-17', 'Shukla Paksha Ashtmi', 1),
(1376, '2018-09-18', 'Shukla Paksha Navmi', 1),
(1377, '2018-09-19', 'Shukla Paksha Dashmi', 1),
(1378, '2018-09-20', 'Shukla Paksha Ekadashi', 1),
(1379, '2018-09-21', 'Shukla Paksha Dwadashi', 1),
(1380, '2018-09-22', 'Shukla Paksha Trayodashi', 1),
(1381, '2018-09-23', 'Shukla Paksha Chaturdashi', 1),
(1382, '2018-09-24', 'Shukla Paksha Chaturdashi', 1),
(1383, '2018-09-25', 'Purnima', 1),
(1384, '2018-09-26', 'Krishna Paksha Pratipada', 1),
(1385, '2018-09-27', 'Krishna Paksha Dwitiya', 1),
(1386, '2018-09-28', 'Krishna Paksha Tritiya', 1),
(1387, '2018-09-29', 'Krishna Paksha Chaturthi / Panchami', 2),
(1388, '2018-09-30', 'Krishna Paksha Shashti', 1),
(1389, '2018-10-01', 'Krishna Paksha Saptami 	', 1),
(1390, '2018-10-02', 'Krishna Paksha Ashtmi', 1),
(1391, '2018-10-03', 'Krishna Paksha Navmi', 1),
(1392, '2018-10-04', 'Krishna Paksha  Dashmi', 1),
(1393, '2018-10-05', 'Krishna Paksha Ekadashi', 1),
(1394, '2018-10-06', 'Krishna Paksha Dwadashi', 1),
(1395, '2018-10-07', 'Krishna Paksha Trayodashi', 1),
(1396, '2018-10-08', 'Krishna Paksha Chaturdashi', 1),
(1397, '2018-10-09', 'Amavasya', 1),
(1398, '2018-10-10', 'Shukla Paksha Pratipada', 1),
(1399, '2018-10-11', 'Shukla Paksha Dwitiya', 1),
(1400, '2018-10-12', 'Shukla Paksha Tritiya', 1),
(1401, '2018-10-13', 'Shukla Paksha Chaturthi', 1),
(1402, '2018-10-14', 'Shukla Paksha Panchami', 1),
(1403, '2018-10-15', 'Shukla Paksha Shashti', 1),
(1404, '2018-10-16', 'Shukla Paksha Saptami', 1),
(1405, '2018-10-17', 'Shukla Paksha Ashtmi', 1),
(1406, '2018-10-18', 'Shukla Paksha Navmi', 1),
(1407, '2018-10-19', 'Shukla Paksha Dashmi', 1),
(1408, '2018-10-20', 'Shukla Paksha Ekadashi', 1),
(1409, '2018-10-21', 'Shukla Paksha Dwadashi', 1),
(1410, '2018-10-22', 'Shukla Paksha Trayodashi', 1),
(1411, '2018-10-23', 'Shukla Paksha Chaturdashi', 1),
(1412, '2018-10-24', 'Shukla Paksha Purnima', 1),
(1413, '2018-10-25', 'Krishna Paksha Pratipada', 1),
(1414, '2018-10-26', 'Krishna Paksha Dwitiya', 1),
(1415, '2018-10-27', 'Krishna Paksha Tritiya', 1),
(1416, '2018-10-28', 'Krishna Paksha Chaturthi', 1),
(1417, '2018-10-29', 'Krishna Paksha Panchami', 1),
(1418, '2018-10-30', 'Krishna Paksha Shashti', 1),
(1419, '2018-10-31', 'Krishna Paksha Saptami', 1),
(1420, '2018-11-01', 'Krishna Paksha Ashtmi', 1),
(1421, '2018-11-02', 'Krishna Paksha Navmi /Dashmi', 2),
(1422, '2018-11-03', 'Krishna Paksha Ekadashi', 1),
(1423, '2018-11-04', 'Krishna Paksha Dwadashi', 1),
(1424, '2018-11-05', 'Krishna Paksha Trayodashi', 1),
(1425, '2018-11-06', 'Krishna Paksha Chaturdashi', 1),
(1426, '2018-11-07', 'Amavasya', 1),
(1427, '2018-11-08', 'Shukla Paksha Pratipada', 1),
(1428, '2018-11-09', 'Shukla Paksha Dwitiya', 1),
(1429, '2018-11-10', 'Shukla Paksha Tritiya', 1),
(1430, '2018-11-11', 'Shukla Paksha Chaturthi', 1),
(1431, '2018-11-12', 'Shukla Paksha Panchami', 1),
(1432, '2018-11-13', 'Shukla Paksha Shashti', 1),
(1433, '2018-11-14', 'Shukla Paksha Saptami', 1),
(1434, '2018-11-15', 'Shukla Paksha Ashtmi', 1),
(1435, '2018-11-16', 'Shukla Paksha Ashtmi', 1),
(1436, '2018-11-17', 'Shukla Paksha Navmi', 1),
(1437, '2018-11-18', 'Shukla Paksha Dashmi', 1),
(1438, '2018-11-19', 'Shukla Paksha Ekadashi', 1),
(1439, '2018-11-20', 'Dwadashi', 1),
(1440, '2018-11-21', 'Shukla Paksha Trayodashi', 1),
(1441, '2018-11-22', 'Shukla Paksha Chaturdashi', 1),
(1442, '2018-11-23', 'Purnima', 1),
(1443, '2018-11-24', 'Krishna Paksha Pratipada', 1),
(1444, '2018-11-25', 'Krishna Paksha Dwitiya', 1),
(1445, '2018-11-26', 'Krishna Paksha Tritiya / Chaturthi', 2),
(1446, '2018-11-27', 'Krishna Paksha Panchami', 1),
(1447, '2018-11-28', 'Krishna Paksha Shashti', 1),
(1448, '2018-11-29', 'Krishna Paksha Saptami', 1),
(1449, '2018-11-30', 'Krishna Paksha Ashtmi', 1),
(1450, '2018-12-01', 'Krishna Paksha Navmi', 1),
(1451, '2018-12-02', 'Krishna Paksha Dashmi', 1),
(1452, '2018-12-03', 'Krishna Paksha Ekadashi', 1),
(1453, '2018-12-04', 'Krishna Paksha Dwadashi', 1),
(1454, '2018-12-05', 'Krishna Paksha Trayodashi', 1),
(1455, '2018-12-06', 'Krishna Paksha Chaturdashi', 1),
(1456, '2018-12-07', 'Amavasya', 1),
(1457, '2018-12-08', 'Shukla Paksha Pratipada', 1),
(1458, '2018-12-09', 'Shukla Paksha Dwitiya', 1),
(1459, '2018-12-10', 'Shukla Paksha Tritiya', 1),
(1460, '2018-12-11', 'Shukla Paksha Chaturthi', 1),
(1461, '2018-12-12', 'Shukla Paksha Panchami', 1),
(1462, '2018-12-13', 'Shukla Paksha Shashti', 1),
(1463, '2018-12-14', 'Shukla Paksha Saptami', 1),
(1464, '2018-12-15', 'Shukla Paksha Ashtmi', 1),
(1465, '2018-12-16', 'Shukla Paksha Navmi', 1),
(1466, '2018-12-17', 'Shukla Paksha Dashmi', 1),
(1467, '2018-12-18', 'Shukla Paksha Ekadashi', 1),
(1468, '2018-12-19', 'Shukla Paksha Dwadashi', 1),
(1469, '2018-12-20', 'Shukla Paksha Trayodashi', 1),
(1470, '2018-12-21', 'Shukla Paksha Chaturdashi', 1),
(1471, '2018-12-22', 'Purnima', 1),
(1472, '2018-12-23', 'Krishna Paksha Pratipada', 1),
(1473, '2018-12-24', 'Krishna Paksha Dwitiya', 1),
(1474, '2018-12-25', 'Krishna Paksha Tritiya', 1),
(1475, '2018-12-26', 'Krishna Paksha Chaturthi', 1),
(1476, '2018-12-27', 'Krishna Paksha Panchami', 1),
(1477, '2018-12-28', 'Krishna Paksha Shashti', 1),
(1478, '2018-12-29', 'Krishna Paksha Saptami / Ashtmi', 2),
(1479, '2018-12-30', 'Krishna Paksha Navmi', 1),
(1480, '2018-12-31', 'Krishna Paksha Dashmi', 1);

-- --------------------------------------------------------

--
-- Table structure for table `loan`
--

CREATE TABLE `loan` (
  `loan_id` int(25) NOT NULL,
  `admin_id` int(25) NOT NULL,
  `customer_id` int(25) NOT NULL,
  `amount` int(25) NOT NULL,
  `security` varchar(255) DEFAULT NULL,
  `gold_current_rate` varchar(255) DEFAULT NULL,
  `silver_current_rate` varchar(255) DEFAULT NULL,
  `receipt_img` longtext DEFAULT NULL,
  `percentage` varchar(255) NOT NULL,
  `payable_type` longtext NOT NULL,
  `note` longtext DEFAULT NULL,
  `loan_date` date NOT NULL,
  `created_date` date NOT NULL,
  `deleted_date` date NOT NULL,
  `completed_date` date NOT NULL,
  `completed_amount` text DEFAULT NULL,
  `status` varchar(50) NOT NULL
) ENGINE=MyISAM DEFAULT CHARSET=latin1;

--
-- Dumping data for table `loan`
--

INSERT INTO `loan` (`loan_id`, `admin_id`, `customer_id`, `amount`, `security`, `gold_current_rate`, `silver_current_rate`, `receipt_img`, `percentage`, `payable_type`, `note`, `loan_date`, `created_date`, `deleted_date`, `completed_date`, `completed_amount`, `status`) VALUES
(1, 6, 7, 1000, 'gold', '3232', NULL, NULL, '2', 'cash', '', '2019-12-22', '2019-12-22', '0000-00-00', '0000-00-00', NULL, ''),
(2, 6, 8, 1000, 'silver', NULL, '2323', NULL, '1', 'bank', '', '2019-12-23', '2019-12-23', '0000-00-00', '2019-12-23', '1033', ''),
(3, 6, 8, 1000, 'gold_silver', '3232', '2323', NULL, '3', 'bank', '', '2019-12-21', '2019-12-21', '0000-00-00', '2019-12-23', '1011', ''),
(4, 6, 7, 2500, 'gold_silver', '3232', '2323', NULL, '2', 'bank', '', '2019-12-20', '2019-12-20', '0000-00-00', '2019-12-23', '2542', '');

-- --------------------------------------------------------

--
-- Table structure for table `loan_bank_history`
--

CREATE TABLE `loan_bank_history` (
  `loan_bank_id` int(25) NOT NULL,
  `loan_id` int(25) NOT NULL,
  `customer_id` int(25) NOT NULL,
  `bank_id` int(25) NOT NULL,
  `chaque` longtext NOT NULL,
  `amount` int(255) NOT NULL
) ENGINE=MyISAM DEFAULT CHARSET=latin1;

--
-- Dumping data for table `loan_bank_history`
--

INSERT INTO `loan_bank_history` (`loan_bank_id`, `loan_id`, `customer_id`, `bank_id`, `chaque`, `amount`) VALUES
(1, 1, 8, 1, '', 1200),
(2, 2, 8, 1, '', 1000),
(3, 3, 8, 1, '', 1000),
(4, 4, 7, 1, '', 2500);

-- --------------------------------------------------------

--
-- Table structure for table `loan_completed_details`
--

CREATE TABLE `loan_completed_details` (
  `loan_completed_id` int(11) NOT NULL,
  `loan_id` int(11) NOT NULL,
  `account_no` text DEFAULT NULL,
  `account_holder_name` varchar(255) DEFAULT NULL,
  `bank_name` text DEFAULT NULL,
  `ifsc_code` text NOT NULL,
  `cheque_number` text DEFAULT NULL,
  `recivable_type` text NOT NULL
) ENGINE=InnoDB DEFAULT CHARSET=latin1;

-- --------------------------------------------------------

--
-- Table structure for table `loan_security`
--

CREATE TABLE `loan_security` (
  `loan_security_id` int(25) NOT NULL,
  `loan_id` int(25) NOT NULL,
  `customer_id` int(25) NOT NULL,
  `item_name` text NOT NULL,
  `item_type` text DEFAULT NULL,
  `item_weight` varchar(255) NOT NULL,
  `item_value` varchar(255) NOT NULL,
  `item_purity` varchar(255) NOT NULL,
  `item_quantity` varchar(255) NOT NULL,
  `item_photo` varchar(255) DEFAULT NULL
) ENGINE=MyISAM DEFAULT CHARSET=latin1;

--
-- Dumping data for table `loan_security`
--

INSERT INTO `loan_security` (`loan_security_id`, `loan_id`, `customer_id`, `item_name`, `item_type`, `item_weight`, `item_value`, `item_purity`, `item_quantity`, `item_photo`) VALUES
(1, 1, 7, 'Ring', 'gold', '12', '38384.16494845361', '97', '1', 'http://localhost/bhandari_khata//images/gold_0157708387620191223.jpeg'),
(2, 2, 8, 'Earing', 'silver', '15', '34485.77319587629', '97', '1', NULL),
(3, 3, 8, 'ring', 'gold', '12', '38388.244897959186', '98', '1', NULL),
(4, 3, 8, 'ring', 'silver', '15', '34199.72222222222', '54', '1', NULL),
(5, 4, 7, 'Earing', 'gold', '12', '38338.206896551725', '87', '1', NULL),
(6, 4, 7, 'Earing', 'silver', '23', '52878.18556701031', '97', '1', NULL);

-- --------------------------------------------------------

--
-- Table structure for table `personal_expenses`
--

CREATE TABLE `personal_expenses` (
  `personal_expenses_id` int(11) NOT NULL,
  `transaction_id` int(11) DEFAULT NULL,
  `admin_id` int(11) NOT NULL,
  `amount_expend` varchar(50) NOT NULL,
  `payable_type` varchar(50) NOT NULL,
  `bank_id` varchar(50) DEFAULT NULL,
  `region` longtext NOT NULL,
  `Cheque_Number` varchar(50) DEFAULT NULL,
  `created_date` varchar(50) DEFAULT NULL,
  `deleted_date` varchar(50) DEFAULT NULL
) ENGINE=InnoDB DEFAULT CHARSET=utf8mb4;

--
-- Dumping data for table `personal_expenses`
--

INSERT INTO `personal_expenses` (`personal_expenses_id`, `transaction_id`, `admin_id`, `amount_expend`, `payable_type`, `bank_id`, `region`, `Cheque_Number`, `created_date`, `deleted_date`) VALUES
(1, 6, 6, '101', 'cash', NULL, 'Food', '', '2019-12-23', NULL),
(2, 13, 6, '102', '1', NULL, 'N/A', '', '2019-12-26', NULL);

-- --------------------------------------------------------

--
-- Table structure for table `rate_table`
--

CREATE TABLE `rate_table` (
  `rate_id` int(20) NOT NULL,
  `gold` int(20) NOT NULL,
  `silver` int(20) NOT NULL
) ENGINE=InnoDB DEFAULT CHARSET=latin1;

--
-- Dumping data for table `rate_table`
--

INSERT INTO `rate_table` (`rate_id`, `gold`, `silver`) VALUES
(1, 3232, 2323);

-- --------------------------------------------------------

--
-- Table structure for table `transection`
--

CREATE TABLE `transection` (
  `transaction_id` int(11) NOT NULL,
  `transaction_admin_id` int(11) NOT NULL,
  `transaction_type` varchar(255) NOT NULL,
  `transaction_keyword` varchar(200) DEFAULT NULL,
  `transaction_perpose` longtext NOT NULL,
  `transaction_perpose_id` int(11) NOT NULL,
  `transaction_amount` varchar(255) NOT NULL,
  `transaction_date` date NOT NULL,
  `transaction_created_date` date NOT NULL,
  `transaction_deleted_date` date NOT NULL
) ENGINE=InnoDB DEFAULT CHARSET=utf8mb4;

--
-- Dumping data for table `transection`
--

INSERT INTO `transection` (`transaction_id`, `transaction_admin_id`, `transaction_type`, `transaction_keyword`, `transaction_perpose`, `transaction_perpose_id`, `transaction_amount`, `transaction_date`, `transaction_created_date`, `transaction_deleted_date`) VALUES
(1, 6, 'cash', 'add_initial_amount_by_cash', '<strong>Add Initial Investment is </strong>₹ 5000', 0, '5000', '2019-12-23', '0000-00-00', '0000-00-00'),
(2, 6, '1', 'add_initial_amount_by_bank', '<strong>Add Initial Investment is </strong>₹ 5000', 0, '5000', '2019-12-23', '0000-00-00', '0000-00-00'),
(3, 6, 'cash', 'loan_by_cash', '<strong>I have give loan Mr./Mis.</strong> \n							                <span style=\"background: #fff300;padding: 2px 8px;color: black; border-radius:50px;\">\n							                <strong>Sudeep Jain S/O Prakash jain</strong></span>\n							                <strong> and loan amount is </strong>₹ 1000', 0, '1000', '2019-12-23', '0000-00-00', '0000-00-00'),
(4, 6, 'cash', 'user_initial_investment', '<strong>Add Initial Investment is </strong>₹ 100', 0, '100', '2019-12-23', '0000-00-00', '0000-00-00'),
(5, 6, 'bank', 'loan_by_bank', '<strong>I have give loan Mr./Mis.</strong> \n							                <span style=\"background: #fff300;padding: 2px 8px;color: black; border-radius:50px;\">\n							                <strong>Divya Gurjar S/O S.N Gurjar</strong></span>\n							                <strong> and loan amount is </strong>₹ 1000', 0, '1000', '2019-12-23', '0000-00-00', '0000-00-00'),
(6, 6, 'cash', 'expense_by_cash', 'Food', 0, '100', '2019-12-23', '0000-00-00', '0000-00-00'),
(7, 9, 'cash', 'user_initial_investment', '<strong>Add Initial Investment is </strong>₹ 10000', 0, '10000', '2019-12-23', '0000-00-00', '0000-00-00'),
(8, 6, 'cash', 'loan_completed_by_cash', '<strong>Loan is Completed </strong>', 0, '1033', '2019-12-23', '0000-00-00', '0000-00-00'),
(9, 6, 'bank', 'loan_by_bank', '<strong>I have give loan Mr./Mis.</strong> \n							                <span style=\"background: #fff300;padding: 2px 8px;color: black; border-radius:50px;\">\n							                <strong>Divya Gurjar S/O S.N Gurjar</strong></span>\n							                <strong> and loan amount is </strong>₹ 1000', 0, '1000', '2019-12-23', '0000-00-00', '0000-00-00'),
(10, 6, 'cash', 'loan_completed_by_cash', '<strong>Loan is completed</strong>', 0, '1011', '2019-12-23', '0000-00-00', '0000-00-00'),
(11, 6, 'bank', 'loan_by_bank', '<strong>I have give loan Mr./Mis.</strong> \n							                <span style=\"background: #fff300;padding: 2px 8px;color: black; border-radius:50px;\">\n							                <strong>Sudeep Jain S/O Prakash jain</strong></span>\n							                <strong> and loan amount is </strong>₹ 2500', 0, '2500', '2019-12-23', '0000-00-00', '0000-00-00'),
(12, 6, 'cash', 'loan_completed_by_cash', '<strong>Loan is completed</strong>', 0, '2542', '2019-12-23', '0000-00-00', '0000-00-00'),
(13, 6, '1', 'expense_by_bank', 'N/A', 0, '102', '2019-12-26', '0000-00-00', '0000-00-00');

--
-- Indexes for dumped tables
--

--
-- Indexes for table `admin`
--
ALTER TABLE `admin`
  ADD PRIMARY KEY (`admin_id`);

--
-- Indexes for table `bank_details`
--
ALTER TABLE `bank_details`
  ADD PRIMARY KEY (`bank_id`);

--
-- Indexes for table `chart_info`
--
ALTER TABLE `chart_info`
  ADD PRIMARY KEY (`id`);

--
-- Indexes for table `customer`
--
ALTER TABLE `customer`
  ADD PRIMARY KEY (`customer_id`);

--
-- Indexes for table `hindi_calendar`
--
ALTER TABLE `hindi_calendar`
  ADD PRIMARY KEY (`id`);

--
-- Indexes for table `loan`
--
ALTER TABLE `loan`
  ADD PRIMARY KEY (`loan_id`);

--
-- Indexes for table `loan_bank_history`
--
ALTER TABLE `loan_bank_history`
  ADD PRIMARY KEY (`loan_bank_id`);

--
-- Indexes for table `loan_completed_details`
--
ALTER TABLE `loan_completed_details`
  ADD PRIMARY KEY (`loan_completed_id`);

--
-- Indexes for table `loan_security`
--
ALTER TABLE `loan_security`
  ADD PRIMARY KEY (`loan_security_id`);

--
-- Indexes for table `personal_expenses`
--
ALTER TABLE `personal_expenses`
  ADD PRIMARY KEY (`personal_expenses_id`);

--
-- Indexes for table `rate_table`
--
ALTER TABLE `rate_table`
  ADD PRIMARY KEY (`rate_id`);

--
-- Indexes for table `transection`
--
ALTER TABLE `transection`
  ADD PRIMARY KEY (`transaction_id`);

--
-- AUTO_INCREMENT for dumped tables
--

--
-- AUTO_INCREMENT for table `admin`
--
ALTER TABLE `admin`
  MODIFY `admin_id` int(11) NOT NULL AUTO_INCREMENT, AUTO_INCREMENT=10;

--
-- AUTO_INCREMENT for table `bank_details`
--
ALTER TABLE `bank_details`
  MODIFY `bank_id` int(20) NOT NULL AUTO_INCREMENT, AUTO_INCREMENT=2;

--
-- AUTO_INCREMENT for table `chart_info`
--
ALTER TABLE `chart_info`
  MODIFY `id` int(11) NOT NULL AUTO_INCREMENT, AUTO_INCREMENT=5;

--
-- AUTO_INCREMENT for table `customer`
--
ALTER TABLE `customer`
  MODIFY `customer_id` int(11) NOT NULL AUTO_INCREMENT, AUTO_INCREMENT=9;

--
-- AUTO_INCREMENT for table `hindi_calendar`
--
ALTER TABLE `hindi_calendar`
  MODIFY `id` int(11) NOT NULL AUTO_INCREMENT, AUTO_INCREMENT=1481;

--
-- AUTO_INCREMENT for table `loan`
--
ALTER TABLE `loan`
  MODIFY `loan_id` int(25) NOT NULL AUTO_INCREMENT, AUTO_INCREMENT=5;

--
-- AUTO_INCREMENT for table `loan_bank_history`
--
ALTER TABLE `loan_bank_history`
  MODIFY `loan_bank_id` int(25) NOT NULL AUTO_INCREMENT, AUTO_INCREMENT=5;

--
-- AUTO_INCREMENT for table `loan_completed_details`
--
ALTER TABLE `loan_completed_details`
  MODIFY `loan_completed_id` int(11) NOT NULL AUTO_INCREMENT;

--
-- AUTO_INCREMENT for table `loan_security`
--
ALTER TABLE `loan_security`
  MODIFY `loan_security_id` int(25) NOT NULL AUTO_INCREMENT, AUTO_INCREMENT=7;

--
-- AUTO_INCREMENT for table `personal_expenses`
--
ALTER TABLE `personal_expenses`
  MODIFY `personal_expenses_id` int(11) NOT NULL AUTO_INCREMENT, AUTO_INCREMENT=3;

--
-- AUTO_INCREMENT for table `rate_table`
--
ALTER TABLE `rate_table`
  MODIFY `rate_id` int(20) NOT NULL AUTO_INCREMENT, AUTO_INCREMENT=2;

--
-- AUTO_INCREMENT for table `transection`
--
ALTER TABLE `transection`
  MODIFY `transaction_id` int(11) NOT NULL AUTO_INCREMENT, AUTO_INCREMENT=14;
COMMIT;

/*!40101 SET CHARACTER_SET_CLIENT=@OLD_CHARACTER_SET_CLIENT */;
/*!40101 SET CHARACTER_SET_RESULTS=@OLD_CHARACTER_SET_RESULTS */;
/*!40101 SET COLLATION_CONNECTION=@OLD_COLLATION_CONNECTION */;
